bk_no,bk_name,addr_kenno,addr_sino
910504,×××サンシティつくば,4,4105
335,ピースフル泉Ａ棟,4,4105
990303,ウェストコート,4,4101
42984,メゾンＨｅｉｓｅｉ,4,4102
63,コーポエスポワール,4,4101
47497,サニーハイツＦ・Ｐ,4,4101
990405,エスポワール,4,4101
47485,シャーメゾン木戸A,4,4213
994009,×××志波町鈴木事務所,4,4103
44047,アイビス上飯田,4,4103
42070,カルロ定禅寺通,4,4101
12103,シャンボール第２片平,4,4101
48117,ブルースカイひより台,4,4216
15020,■　空き番号　■　※2020年10月までは空番号　8世帯,4,4101
47147,フレグランス鈎取Ａ,4,4104
47532,ウィンディA,4,4102
49100,ロイヤルヒルズ柳生Ⅱ,4,4104
47261,マロンハウス,4,4209
323,ベルトピア仙台１６Ｂ棟,4,4104
44071,パセオ宮,4,4105
47392,コーポのぼる,4,4103
44137,中山吉成１丁目貸家,4,4101
932006,×××ライオンズマンション台原１丁目,4,4101
41135,アルス明石台Ｈ,4,4216
92131,渥美コーポ,4,4104
42046,カルロ北目,4,4101
45020,ファミール川平,4,4101
46953,サンヴァーリオ仙台駅東,4,4102
48170,祥楽,4,4406
45019,ファミーユ中山,4,4101
15015,プランドール小鶴新田,4,4102
30,あけぼのグリーンハイツ,4,4101
44180,カーサ・プレミール,4,4101
47246,フレグランス愛子Ｂ,4,4101
990067,レブレＫ,4,4101
48856,シュラーフ　エス,4,4101
52,ハイツ増田,4,4101
46029,アルエット旭ヶ丘,4,4101
45480,ビューパレス河原町,4,4103
51036,ドーミー東口,4,4103
40502,アラモード八乙女Ⅱ,4,4105
842,コーポ平成,4,4216
44214,エスポアール長命,4,4105
46864,グレース・ガーデン,4,4209
168,Ｕティーハイツ,4,4103
40505,イーストウィング,4,4101
94014,トゥインクルコート若林Ⅷ号館,4,4103
42302,アーバンハイツ福住Ⅱ,4,4102
42803,ＫハイツＢ,4,4105
49019,αネクスト宮千代,4,4102
12067,ロイヤルパレス台原森林公園若葉の森,4,4101
43008,サンセールヴァーグ,4,4404
999988,朝日プラザ国分町,4,4101
47707,シャーメゾンシャルマンＡ,4,4505
281,コーポ日下,4,4101
12109,■　空き番号　■　一室Ｍ,4,4101
47652,ボヌール・富Ａ,4,4203
44253,グレースコートB,4,4211
92101,薬師堂マンション,4,4103
45380,デコール沖野,4,4103
48163,タキ,4,4102
44032,クレール若林,4,4103
92018,ロフティ岩切,4,4102
44039,カーサグラナダ,4,4101
160,バーシティハウス柏木,4,4101
990327,ＥＡＴＯＮ　ＨＡＣＨＩＭＡＮ,4,4101
48161,山崎,4,4102
44376,シンフォニーⅡ,4,4102
125,ハイツ桜,4,4101
457,コーポムサカ,4,4103
42923,ヴィラ・ラレーヌ,4,4104
94067,パワーハウス,4,4103
42114,フルールＳＴ,4,4105
41704,ラトゥール,4,4421
94101,旧ホテル跡（塩釜）,4,4203
93280,ビューテラス八乙女,4,4105
47487,（仮）シャーメゾン相馬A,4,4213
93276,ダイアパレス本町,4,4101
91064,ライオンズマンション春日町,4,4101
683,■　空き番号　■　※2020年10月までは空番号　8世帯,4,4101
910369,×××佐藤アパート,4,4103
922061,×××富沢南シティハウス,4,4104
900,リバーサイド,4,4105
48764,ロイヤルハウス八乙女Ｂ,4,4105
900695,×××コーポルミエールⅡ,4,4101
404,ホワイトファミール扇Ｃ,4,4104
921,コーポ中島丁,4,4101
900620,×××ガーデンヒルズ,4,4104
45434,サウスピア南小泉,4,4103
45523,ルノール３,4,4102
48113,仙台青葉Ⅱ,4,4101
990052,エルミタージュ仙台,4,4101
911051,×××笠神５丁目戸建,4,4209
900020,×××ジュネスドミ,4,4101
922050,×××片平ホワイトレジデンス,4,4101
47426,パストラル上杉,4,4101
47506,リライアンス,4,4101
990063,アーバンハイツ柏木,4,4101
46881,大和町１丁目アパートＣ,4,4103
47681,サンフラワー,4,4104
92078,カーサジュネス,4,4104
27,横山荘,4,4102
12113,■　空き番号　■　一室Ｍ,4,4101
47492,クリエイトＴ,4,4101
45818,コ・ポワール,4,4101
52022,グランドステージ,4,4104
925106,×××アヴァンセ水の森,4,4101
42203,金木犀,4,4216
47056,エトワール・メゾンＢ,4,4105
40722,パークドライブイズミ,4,4105
45518,フレグランス青葉,4,4101
23,ヴィラ幸,4,4102
46954,スターハイツ,4,4104
40649,セントラルコーポⅤ,4,4421
11056,旭ケ丘３丁目Ｙ戸建,4,4101
48007,青葉町,4,4101
49040,ゆりが丘２丁目貸家近藤邸,4,4207
47069,カーム・クウォーターB,4,4101
40713,サンヒルズA,4,4101
306,コーポ木戸,4,4101
93240,さくらコーポ,4,4101
13071,■　空き番号　■　駐車場,4,4101
269,佐藤アパート,4,4101
45347,スカイシティA,4,4102
47267,フレグランス中野栄Ａ,4,4102
13040,中江１丁目駐車場,4,4101
900209,×××西勝山コーポ一栗,4,4101
248,レジデンスカレッジ,4,4101
47465,ハピネス旭,4,4215
49099,ロイヤルヒルズ柳生Ⅰ,4,4104
910038,×××サンハイツ松が丘,4,4104
915010,×××フォーシーズンマンションＡ,4,4102
47643,コージーコートＢ,4,4104
45526,ロフティドルフィンⅠ,4,4101
260,ケープコッド,4,4101
42015,ベルシティ高松,4,4101
40342,グランドソレイユ,4,4209
47554,シャーメゾン・グレンツ,4,4445
40627,プリムローズ,4,4216
46936,レジデンツァ・ヴィラ・ヴェルディ,4,4104
48714,サンヒルズ国見３番館,4,4101
11092,高森４丁目Ａ戸建,4,4105
44411,プランドール,4,4215
912127,×××ホーユウコンフォルト南光台,4,4105
41050,ジュネス八乙女Ⅱ,4,4105
40698,グランヒル愛子Ｂ,4,4101
46870,マイルストン五橋,4,4101
44234,ディアコートＢ,4,4406
42002,エクセルメトロⅡ,4,4105
51065,エバー・グリーン桜ケ丘,4,4101
42093,アーバンフラッツ上杉,4,4101
45402,ガーデンビレッジB棟,4,4103
999999,※※削除※※,4,4105
956,ディアス石名坂,4,4103
49003,エスパシオ支倉,4,4101
662,パーチェ中山,4,4101
46120,サンヴァーリオ新田駅前Ⅴ,4,4102
292,プチレジョン柏木,4,4101
900535,×××エクセルシャトーひらつか,4,4105
901119,×××ショメール大和,4,4103
50032,シャンブル向山,4,4104
46929,KDXレジデンス一番町,4,4101
45528,ロフティドルフィンⅢ,4,4101
47104,チェリーヒルズ,4,4101
11018,旭ケ丘３丁目貸家,4,4101
50004,シルバーマンション鹿野,4,4104
40708,Forest青葉,4,4101
42902,ハイツグロー,4,4101
42301,アーバンハイツ福住Ⅰ,4,4102
52014,八木山グランドハイツ,4,4104
47143,ドエルいづみＢ,4,4104
45448,クレール,4,4103
44127,ラルーナⅡ,4,4101
48027,安田１,4,4105
93241,メゾンド歩坂A,4,4105
44233,ディアコートＡ,4,4406
11078,水の森３丁目Ｓ戸建,4,4101
93342,カーサ・フォレスタ　ソオラ,4,4101
47453,ブンガワン・ソロⅠ,4,4101
48774,サンビレッジ国見ケ丘Ｅ,4,4101
92030,八木山ハイツ,4,4104
775,クレールヒルズ,4,4104
47605,ルミエールコートB,4,4104
900650,×××アラマキフレンド,4,4101
47671,トワ　ヴェールＢ,4,4404
44138,成田７丁目貸家,4,4216
734,レジデンス市名坂,4,4105
91048,ナイスプレジデントスクエア北四番丁,4,4101
49071,ロイヤルヒルズ幸町Ⅱ,4,4102
47676,ハイツ青山,4,4104
46255,セジュール大手町Ａ,4,4207
42863,ロイヤルハイツ市名坂Ⅲ,4,4105
12140,朝日プラザシティ広瀬の杜５番館,4,4101
41043,コンフォード３,4,4105
47169,α-サンライズ,4,4104
46040,カミエール東照宮,4,4101
11011,南光台２丁目Ｏ戸建,4,4105
91063,アーバナイト子平町,4,4101
922075,×××ネオプラザ北仙台,4,4101
48108,ベルツリー,4,4202
694,ホワイトキャッスル台原,4,4101
990359,バーシティハウス碧,4,4101
40614,グランドールＢ,4,4105
44433,トパーティオ　Ｓ,4,4101
47148,フレグランス鈎取Ｂ,4,4104
46902,リビングステージ木町通,4,4101
42926,In-Towner二日町,4,4101
48729,プレステーション愛子A,4,4101
47285,サニーハイツB,4,4102
338,ティエラひかり３号館,4,4209
48929,セジュール遠見塚Ⅰ,4,4103
44240,デュード・ボヌール,4,4101
42310,アーバンハイツ吉岡南Ⅱ,4,4421
47282,メゾン・パルコ,4,4101
43067,エクセレントパーク北山,4,4101
42883,ユーナ・コピア,4,4104
900231,×××コーポ向陽台,4,4105
990071,リエス春日町,4,4101
47639,サンシャルル１番館,4,4104
49109,南仙台アルファビル,4,4104
40765,アニメート　チバ,4,4101
900738,×××ブランドール八幡Ⅱ,4,4101
47054,グランシャリオＭ,4,4105
916003,×××Human広瀬通ビル,4,4101
46934,アソルティ上杉,4,4101
999973,フェリシア小田原,4,4102
900629,×××スプリングビレッジ将監,4,4105
43608,グレイズヒルズ,4,4216
45465,シャーメゾン南小泉,4,4103
10004,■　空き番号　■　　空室から物件,4,4101
51062,恒産桜ケ丘,4,4101
45012,グレース,4,4101
49021,パストラルハイム榴岡公園,4,4102
40102,グランディアエイト,4,4101
900119,×××ピースフル太白６,4,4104
91049,千代田メゾンＡ棟,4,4101
44359,エムフィールド南中山Ｂ,4,4105
47649,シャーメゾン泉沢,4,4203
49110,朝日プラザ上杉,4,4101
48531,セレーノ南仙台,4,4104
796,高橋ハイツＢ棟,4,4105
47389,ボーノンＡＮＺ,4,4103
44120,アムール・ド・メゾンⅡ番館,4,4101
13038,ＰＡＬＬ駐車場,4,4104
990079,アルファ上杉,4,4101
43536,幸町アヴェニュー,4,4102
217,ピースフル旭ケ丘第２,4,4101
293,サニーフラットⅠ,4,4102
41020,グランディール八乙女B棟,4,4105
47107,シャーメゾンＹＯＵ,4,4101
900567,×××サンハイツ,4,4101
999992,サニープレイス小松島,4,4101
92015,フレグランス南仙台,4,4104
45811,ベルドミールⅡ,4,4102
43030,フロラシオン,4,4209
41038,コーポ戸ヶ瀬,4,4216
43402,アルス台原,4,4101
706,コーポセリーヌ,4,4104
44400,エスポワール石森Ｂ,4,4212
40349,Dear Court A,4,4102
44043,スウィング,4,4207
44102,ウィルモアＥ館,4,4101
41703,ポラリス・K,4,4421
912056,×××スカーラヒルズ仙台ガーデンウィング,4,4101
45139,ELM,4,4101
43306,ウィンミルＮｏ．６,4,4105
47642,コージーコートＡ,4,4104
44323,Ｄ－Ｒoom連坊小路,4,4103
47048,ピエス・モモ,4,4105
94108,東仙台新築戸建賃貸Ｂ棟,4,4102
162,サンライズ２１,4,4102
912094,×××ダイアパレスリバーサイド八幡,4,4101
43404,スクエアハウスQ,4,4105
47654,ステューディオⅡ,4,4203
12063,朝日プラザ堤通雨宮町,4,4101
42940,サニープレジデント壱番館,4,4105
133,佐文荘,4,4101
40744,ホープヒルズ２番館,4,4105
752,■　空き番号　■　2世帯　※2020年8月までは空番号,4,4101
44282,リベラ花渕Ｃ,4,4102
48861,（仮）泉区松森新築貸家,4,4105
43917,アタゴドミトリーきふね,4,4105
40112,二日町NSビル,4,4101
900437,×××コーポ尾形,4,4102
47524,シャルマンフォレ,4,4102
46910,ネオハイツ水の森公園,4,4101
45490,ハバードリーム６番館,4,4102
48901,トゥインクルコート文化町１１番館,4,4103
931,セントレアカマⅤ,4,4105
45713,シャングリラ高松,4,4101
81,ベルトピア仙台２,4,4101
912059,×××ディナ・スカーラ台原,4,4101
45432,ユミハウス中倉,4,4103
45481,ホワイトキャッスル１７番館,4,4103
848,■　空き番号　■　6世帯　※2020年6月までは空番号,4,4101
13020,中江１丁目Ａパーキング,4,4101
48721,クレセール南吉成参番館,4,4101
45419,アライ,4,4103
50020,八乙女１４８ビル,4,4105
46872,マーベラストミザワ,4,4104
990350,ル･ヴィラージュ,4,4101
41129,アルス明石台Ｂ,4,4216
432,スペランサⅠ,4,4101
42820,三栄ハイツＢ棟,4,4105
646,メゾン青葉Ｂ,4,4101
45427,Ａ・ＰＡＲＴ１,4,4103
42884,セントマイケルズ,4,4102
44125,パセオステーブル泉中央,4,4105
235,アスコット八木山本町,4,4104
955,ＫＡＭＩＪＩ東照宮,4,4101
911025,×××長命ケ丘４丁目貸家,4,4105
599,パレス川平,4,4101
990311,ティエラ川内Ⅰ,4,4101
93084,アコーズ泉中央,4,4105
48828,栗生5-6貸家,4,4101
52039,メゾンドール八木山弥生町,4,4104
48535,ヒルクレスト,4,4104
990362,RE　SENDAI,4,4101
12062,ダイアパレス北六番丁,4,4101
94012,エスパレス安養寺,4,4102
42750,ルミネール泉,4,4105
94078,レアル多賀城,4,4209
264,ロフティ旭ケ丘,4,4101
12054,朝日プラザ定禅寺北,4,4101
40616,インノバーレ・Ｔ,4,4105
920181,×××ロフティＫ,4,4104
40127,ベルヴュコート仙台,4,4102
943011,×××東黒松Mパーキング,4,4105
42889,ひより台１丁目貸家,4,4216
47614,コート・アバンテ,4,4104
48747,エスポワールコマツ壱番館,4,4101
47116,フォーレＭ,4,4101
15309,マーブルコートⅡ,4,4105
47575,エコースクエアⅡ,4,4102
45389,αNEXT荒巻神明町,4,4101
47446,メゾンビッグバードＡ,4,4101
40337,アザレアＢ棟,4,4421
44374,メゾン・ド・カンパーニュ,4,4104
551,Wiz Box 02,4,4102
44300,コンフォール台原Ⅲ,4,4101
47596,エル・ドラード,4,4104
46233,クランベリー,4,4104
48924,ロイヤルシャトー今泉Ｂ,4,4103
921008,×××虹の丘貸家,4,4105
46970,メリファ春日,4,4101
42811,カトウビル,4,4102
48055,ハピネス,4,4104
94040,エセレンテ,4,4102
42087,布袋屋マンション,4,4101
693,パルメゾン台原,4,4101
40677,ジェルメアンジュⅡ,4,4421
93223,あけぼのハイツ,4,4101
93338,エストレジャ,4,4101
45324,ホワイトキャッスル２３番館,4,4103
48114,Ｖ,4,4102
913007,×××鷹見駐車場,4,4105
41025,グランベルディ八乙女Ｅ棟,4,4105
990034,メープル,4,4101
990205,エクセルシャトー菱沼,4,4104
48792,ロイヤルハイツ23,4,4101
900744,×××ファーイーストメゾン,4,4104
48024,エストアベニュー,4,4103
47680,リードやぎやま,4,4104
45436,サンパレス向陽,4,4103
52095,メゾン・ド・ケイ,4,4104
43058,ヴィントルーナ,4,4103
912095,×××朝日プラザ上杉,4,4101
41706,フィオーレ元茶畑,4,4103
44296,チャコールウッドステージ,4,4103
48811,ベルパーク南吉成Ｄ,4,4101
45920,パレス安養寺,4,4102
44247,クレベール,4,4103
44038,セジュール八幡,4,4209
12011,ライオンズマンション荒町第２,4,4103
44301,ＫＯＭＦＯＲＴ　Ⅰ,4,4102
46009,Ｋｓｐａｃｅ文化町,4,4103
46115,コアライフ山手,4,4101
48011,愛子２００５,4,4101
697,リューレントホンゴウⅠ,4,4105
43504,ロイヤルパーク五橋,4,4101
900723,×××フローラ三陽,4,4103
42743,グランパレ泉,4,4105
47160,メゾンドールＢ,4,4104
911020,×××中山８丁目貸家,4,4101
48524,プロスパーマンションⅠ,4,4203
41075,ハイカムールＡ棟,4,4105
47509,ハイツエレガンス・イースト,4,4102
40310,コーポ白鳥Ａ棟,4,4421
44334,パセオプラシードＭ,4,4211
48932,エスペランス中町,4,4103
990314,アイビーハウスⅡ,4,4101
12070,五橋パーク・ホームズ仙台中央アーバンコート,4,4101
900653,×××ロフティ水の森,4,4101
48920,デュオプラザⅠ,4,4103
93297,北山ベルハイツ,4,4101
16011,シエナ仙台Ⅲ,4,4102
48,ビューハイツヒロ,4,4101
175,レジデンス天神沢,4,4105
990328,イートンハイツ木町通,4,4101
40509,メゾングリュック,4,4101
42862,ロイヤルハイツ泉中央Ⅰ,4,4105
40669,グランメール大善ⅠC,4,4421
48949,アミティⅡ,4,4103
900702,×××佐松マンション,4,4103
42710,スカーラヒルズ仙台ガーデンウィング,4,4101
886,第一メゾン青山,4,4104
44245,クレセントオサダＢ,4,4211
737,ハイツルーベンス,4,4104
42922,しゃとれ山手町,4,4101
52041,ティエラ松波,4,4104
13018,吉成駐車場,4,4101
47423,ディアス上杉,4,4101
515,■　空き番号　■　12世帯程度,4,4101
47305,シャーメゾンR,4,4101
93131,コートリバーサイド,4,4104
48210,T＆S,4,4102
45390,ラルジュ・フォーレA,4,4102
45325,古城三丁目ハイツ,4,4103
912131,×××仙台ファーストマンション,4,4101
900751,×××アソルティ東二番丁,4,4101
983,クレールコートⅠ,4,4101
50065,Ｇran　Ｓtrada　上杉,4,4101
42052,ベルシティ台原パーク,4,4101
252,カーサ宮城野,4,4102
45383,パルメールミズナ,4,4103
93052,ファミールサニーⅠ,4,4105
46008,ロフトハウス石名坂,4,4103
47023,ローゼンベートＡ,4,4101
11039,天神沢１丁目貸家,4,4105
45095,コーポゴルカＢ,4,4101
12127,■　空き番号　■　一室Ｍ,4,4101
42964,オンディーヌ,4,4102
42807,ＫハイツＦ,4,4105
837,アネックス小松島,4,4101
963,アスコット多賀城丸山,4,4209
910117,×××エクセルシャトー福田町,4,4102
990312,バーシティハウス木町通,4,4101
42408,グラスランド21,4,4105
503,フレグランス柳生Ｄ棟,4,4104
146,ティエラ飛鳥,4,4104
920014,×××びゅうHeim．H・Y,4,4101
40692,パルネット泉,4,4105
94041,イーストリーバー,4,4102
900866,×××サンコート中央Ａ棟,4,4103
46114,ＹＳＫコーポ幸町,4,4102
42041,アーバンフラッツ五橋,4,4101
48830,プログレール落合壱番館,4,4101
92007,コージーコート,4,4104
42826,サンハイツよこたB,4,4105
900477,×××メゾネット松,4,4105
990116,ディアス１４７,4,4105
16012,Ｓ－ＦＯＲＴ片平,4,4101
43020,North　Lilac,4,4101
15013,■番号保留15013■,4,4101
586,ピースフル黒松,4,4105
51068,グランディ桜ヶ丘,4,4101
668,フローラル清水沼,4,4102
50047,コスモ長町南,4,4104
40610,コーポ川嶋,4,4105
42023,※※削除※※,4,4101
93321,ライオンズマンション長町第２,4,4104
947,グランアジュール,4,4101
912041,×××サニーハイツ高砂,4,4102
41707,アルモニ原町,4,4102
990007,ロイヤルヒルズ上杉Ⅲ,4,4101
48944,パルクロゼットⅤ,4,4103
44191,ドリームヒルズＢ,4,4105
52090,メゾン春日,4,4104
911053,×××長命ケ丘２丁目Ｈ戸建,4,4105
40421,（仮）村上ハイツ,4,4102
43937,Uパーク,4,4105
44299,シャルマンコート杜　Ａ,4,4207
630,ロフティアスコットハイム,4,4102
42856,コートハイム南光台壱番館,4,4105
445,Ｎｏａｈ’ｓ　Ａｒｋ,4,4103
517,スプリングハイツ,4,4101
45136,ヴェルデ泉,4,4101
47339,カーサ・ソレアードＫ,4,4406
900709,×××ハウスセンチュリー,4,4104
900524,×××サンクチュアリ鷺ケ森,4,4101
42703,アバンサール市名坂,4,4105
990305,パークヒルズ子平町,4,4101
45001,ヴェルドミール川平,4,4101
95,ベルシオン仙台第３,4,4105
42039,ベルシティ台原,4,4101
48213,原ノ町,4,4102
44228,ヴィラ・アルバC,4,4102
309,コーポベル,4,4101
562,シャルム黒松,4,4105
40606,ハイネス南中山,4,4105
47381,ヤマサンプラザ,4,4103
94103,アイリスコーポ,4,4101
93311,グランステージⅠ,4,4216
42808,ロイヤルハイツ市名坂,4,4105
900234,×××コテージ弥生,4,4104
47655,ヴィラージュ・S,4,4203
48122,シャングリラ２００４,4,4105
48054,八木山南第１,4,4104
51061,アビエス,4,4101
73,ベルトピア仙台７,4,4101
757,ラ・ヴィータ　フェリス　ドゥエ,4,4101
941,ベルメゾン宮の丘,4,4102
47039,さくらそう,4,4105
91052,クラウンシャトーⅠ,4,4101
928,ＨＯＷ’Ｓ川内三十人町Ｂ棟,4,4101
42956,プリエ白鳥,4,4102
93292,５１０ビル,4,4101
46218,ソレイユⅢ,4,4104
1014,ヴィレッジ旭ケ丘,4,4101
50026,ジュネス米ケ袋,4,4101
48716,サンヒルズ国見５番館,4,4101
43411,ＴＡＭＡＧＯＨＯＵＳＥ,4,4104
45807,ドリーム１２,4,4102
46020,エーデルワイスⅣ,4,4102
912082,×××ロイヤルパレス宮城野,4,4102
45372,ヴィオレリュミエール,4,4103
45425,トレンディハウス志波町,4,4103
48939,ボヌール荒井Ⅰ,4,4103
751,メゾンドールヘンミ,4,4102
571,ラ・フォーレ東照宮,4,4101
900469,×××千成屋ビル,4,4105
93345,東七番町一棟貸しアパート,4,4103
45081,山手ハイツⅡ,4,4101
47625,パークヒルズⅢ,4,4104
900450,×××ステーブル長町７,4,4104
806,柏木エステート,4,4101
13061,旭丘堤１丁目Ｔパーキング,4,4105
350,青山パークヒルズＡ棟,4,4104
11005,台原４丁目Ｍ戸建,4,4101
13070,岩切Ｉ駐車場,4,4102
45040,第２コーポサンライズ,4,4101
994071,×××ホワイトハイツ,4,4102
999998,ビューパレス一本杉,4,4103
47059,ディアス・ONE,4,4105
990044,晩翠ウイングビル,4,4101
44024,ソレイユ多賀城Ⅲ,4,4209
50012,ドルチェ上杉,4,4101
45472,ホワイトキャッスル南小泉12番館,4,4103
44007,ウィルコート２１,4,4211
303,暁荘,4,4101
638,セジュール,4,4104
44238,タウンコート旭,4,4215
144,ピースフル宮千代,4,4102
45443,ヴィルヌーブ岩切B,4,4102
92042,コーポ土樋,4,4103
910287,×××ワイティハウス,4,4101
16026,Ｌａ　Ｄｏｕｃｅｕｒ榴ヶ岡,4,4102
970,アズーリ八幡,4,4101
44419,ファミール自由ヶ丘,4,4102
93200,南光台三丁目貸家,4,4105
42819,三栄ハイツＡ棟,4,4105
40122,ＡＲＴＩＳ仙台木町通,4,4101
42051,シャトウ福沢２号館,4,4101
93138,ライブリー八乙女,4,4105
389,パルメゾン中田,4,4104
40718,ＢＬＵＥ　ＬＥＡＦ,4,4101
817,サンビレッジ国見ケ丘Ｈ棟,4,4101
40206,グランメゾン七福,4,4104
15301,ステラコート台原Ａ棟,4,4101
42857,グランディ桜ヶ丘,4,4101
42879,プルミエール南光台,4,4105
48934,ドエルアルテミス,4,4103
43413,ブリックス清水沼,4,4102
990326,ＥＴＯＮ　ＫＡＷＡＵＣＨＩ,4,4101
11088,落合庄子貸家１１－２７,4,4101
93047,石川マンション,4,4102
519,プルミエⅢ,4,4101
897,安住アパート,4,4102
47099,国見ケ丘５恒川貸家,4,4101
910471,×××ベルドミール,4,4104
42742,Ｓ・Ｋ・Ｙ２,4,4105
40609,コーポアサノ,4,4105
44198,フラワータウン八木山,4,4104
47474,ディアスふるかわ,4,4215
910866,×××フォーブル小松島,4,4101
990335,プレジール江戸町,4,4101
49114,山田上ノ台町木村邸,4,4104
45346,ブッシュ・クローバー,4,4102
47674,セゾンフルール,4,4406
41068,セジュール八乙女,4,4105
849,ＨＯＷ’Ｓ川内Ａ棟,4,4101
394,コーポマインＢ棟,4,4104
92066,ミスターＫ６,4,4101
48058,青山第６,4,4104
999982,Ｐｒｉｅｒ３,4,4103
44242,オッツペアＡ,4,4406
938,サンファンレジデンス,4,4101
48101,ＧｒａｎｄＣｈａｒｉot,4,4216
47245,フレグランス愛子Ａ,4,4101
1026,ベルコート米ケ袋Ⅰ,4,4101
187,プロイセン東黒松,4,4105
42071,チサンマンション花京院,4,4101
93038,鈴木アパート,4,4103
49103,遠見塚２丁目１６－２３貸家,4,4103
44453,（仮）Ｄ－ｒｏｏｍ福室５丁目　Ａ棟,4,4102
44033,ロワールⅠ,4,4209
44451,Ｄ－ｒｏｏｍリベルテ,4,4102
47084,シャーメゾンリジェ,4,4101
15201,ピアッツァ小田原,4,4101
40693,ボヌールメゾン,4,4101
40729,Moon Bridge 3,4,4101
46805,第六ショーケービル,4,4101
94007,ファーストパレス仙台,4,4102
10022,タウンハウス東黒松,4,4105
51039,ラルジュ桜ケ丘,4,4101
47133,マーベラスＴ－Ⅱ,4,4103
40650,セブンヒルズB,4,4421
45813,メゾン　ブリリアント,4,4102
47096,ウイングハイツＡ,4,4101
48902,トゥインクルコート文化町１２番館,4,4103
692,ハイツ松が丘Ｂ,4,4104
912065,×××ロイヤルパレス台原森林公園美咲の森,4,4101
414,クレセントＢ棟,4,4101
94113,プレジデント榴ケ岡,4,4102
50013,リミハウス,4,4103
531,パレス青山,4,4104
93015,マグノリア,4,4105
666,ハイツカタヒラ,4,4105
912050,×××アヴァンツァーレ一番町,4,4101
48906,東光ハイツA,4,4102
92037,ヴュー双葉ケ丘,4,4101
42755,ガーデンヒルズＢ棟,4,4421
43971,Ｍ’ｓⅠ,4,4421
811,パルメゾンＡ棟,4,4102
45521,ルノールⅠ,4,4104
545,ピースフル泉第６,4,4105
746,翔・北根,4,4101
46035,グレイスあおば,4,4101
45607,ＵＳビル,4,4101
900310,×××コーポＫ,4,4101
94104,大和サンハイツ,4,4103
49050,金剛沢３丁目貸家　遠山邸,4,4104
44350,ラウレア,4,4101
93158,上杉NSビル,4,4101
93013,ラ・ルミエール黒松,4,4101
44326,セジュール花渕Ⅱ,4,4102
88,ラ・エンジェ,4,4103
93309,メリス山の寺,4,4105
283,ハイアット北山,4,4101
58,ピースフル青葉第１,4,4101
47411,シャーメゾンさかえ,4,4104
42967,ハイツ秋田屋,4,4103
91058,マンション立町,4,4101
47289,レヂデンスロイヤル,4,4102
94076,仙台白萩マンション,4,4103
44221,アルブルコリーヌⅠ,4,4406
44241,ブライト木町,4,4101
40673,ノヴェルＡ,4,4215
50043,ボヌール富沢,4,4104
40640,ミヤビ,4,4421
50034,向山グリーンハウス,4,4104
900521,×××いずみ荘,4,4105
13035,センチュリーマンション第２駐車場,4,4104
768,■　空き番号　■　8世帯　※2020年10月までは空番号,4,4101
978,コーポＴＭ,4,4102
47328,エクセレントシティ岩切Ｂ,4,4102
911084,×××落合庄子貸家２－４５,4,4101
12097,サンロード泉松森,4,4105
10012,オーシャン,4,4102
43908,ハイツＩＭ,4,4101
91061,チュリス春日町（ＴＨＥ６）,4,4101
56,ホワイトドール台原,4,4101
45366,ピース清水沼,4,4102
47570,ディアコート高松,4,4101
40657,岩切アパート,4,4102
47009,メゾン・ドール中野Ｂ,4,4102
42957,グローリアス　ビュー,4,4104
40646,エルデムＺＥＮＢ棟,4,4421
10015,五輪１丁目ＡＰ,4,4102
49083,ロイヤルヒルズ台原Ⅲ,4,4101
940009,×××Ｋハイツ,4,4103
47331,ガーデンコート槐,4,4102
51031,アビタシオン桜ケ丘,4,4101
912093,×××第七旭コーポラス,4,4101
409,サンダーコートⅡ,4,4101
912069,×××森コーポ,4,4105
44106,セジュールＡ棟,4,4101
51012,Ｓｔｒａｗｂｅｒｒｙ Ｐｏｔ,4,4101
48005,台原第５,4,4101
921076,×××向田戸建,4,4101
52047,サンシャイン青山,4,4104
990055,フェザンコート星陵,4,4101
42505,グレイスハイツ榴岡,4,4102
40211,リージア勾当台公園,4,4101
809,カーサ八木山本町,4,4104
620,コーポハニー,4,4103
93220,佐藤下宿,4,4101
44360,エムフィールド南中山Ｃ,4,4105
40772,シャルマンハイム,4,4105
45457,パーシヴ遠見塚Ｄ,4,4103
92005,竹澤ビル,4,4101
43976,E-JAM長町,4,4104
839,シャンテ北浜,4,4203
11080,愛子中央Ｂ戸建,4,4101
11048,泉ケ丘一丁目戸建,4,4105
41061,セジュール向陽台,4,4105
308,ＭＳＣコーポⅢ,4,4101
10020,ロフティ中山,4,4101
92170,クレールコート,4,4103
41008,ヴィアーレＡ・Ｕ,4,4105
47214,ヴェルドミール八幡,4,4101
46231,ジュネス富沢,4,4104
910561,×××ビューハイム下馬,4,4209
42895,コーラルビル,4,4102
922016,×××ライオンズマンション山手町,4,4101
874,アドバンス長町南,4,4104
44105,セジュールＡ,4,4101
42069,シェモア泉中央,4,4105
912001,×××コーポ立町,4,4101
740,グラン・ドミール成田,4,4216
12130,旭コーポラス宮城野,4,4102
48917,ハイツあがと,4,4103
52008,ファミールＡＢＥ,4,4104
782,エスプワールＭ,4,4101
532,コスモ土樋,4,4103
941003,×××中江１丁目戸建,4,4101
548,サウスコート南仙台,4,4104
52052,ハックベリー,4,4104
48832,ハイネスヤマテ,4,4101
47312,シェソワ,4,4103
91009,カオール柏木,4,4101
45453,パステルオジマ2号館,4,4103
13058,小野駐車場,4,4101
94075,サンライズレジデンス,4,4102
910187,×××ニューフォーブル,4,4101
43036,グリシーナフロール,4,4102
93278,大泉貸家（２５－８）,4,4101
43041,ノーブル･シャトーＫ,4,4102
900778,×××レジデンス協大,4,4101
990072,Calm Village角五郎,4,4101
25,コーポ台原,4,4101
13082,ミマサカ第二パーキング,4,4104
258,ラ・エンジェ　ドゥ,4,4101
92141,ウィンディ上野山Ａ棟,4,4104
47239,サンフラワー愛子Ｂ,4,4101
93053,ファミールサニーⅡ,4,4105
43308,メゾンドレーヌ,4,4101
45428,フォーブル光,4,4103
93351,コミュニティーシェアハウスＬｉｂｅｒｔｙⅡ,4,4101
821,メゾン・ル・ポン,4,4104
44325,メゾンパーク新田東C,4,4102
40759,グリチーネ　フィオーレ,4,4101
47299,グランシスグレーＢ,4,4104
319,メゾンカサブランカⅡ,4,4104
45471,ホワイトキャッスル９番館,4,4103
44335,松陵２丁目貸家,4,4105
44338,エクセレントＫＡ,4,4209
40124,アルファーワン,4,4101
502,フレグランス柳生Ｃ棟,4,4104
47250,プロスペレジャルダンＢ,4,4101
43522,メゾン・ド・エルヴェ,4,4101
44404,ボナール福田町,4,4102
47180,セフィラ８８,4,4104
43015,マスダビル,4,4101
45381,曽根アパート,4,4103
878,フローラ鷺ケ森,4,4101
900118,×××サンシティ南光台,4,4105
920101,×××エクシア八乙女,4,4105
94036,ホープ,4,4104
45131,ニイダハイツ,4,4101
47311,フローラルガーデン,4,4103
42858,クラッセ・ラ・フォンテーヌ,4,4105
40781,カントリーレイク,4,4105
48954,パルクロゼット伊在Ⅲ,4,4103
46260,メゾン・ベルジュ弐番館,4,4104
900483,×××キーウエスト,4,4104
44065,パセオプラシード神明,4,4101
48858,エスポワールシャトー愛子Ⅴ,4,4101
48153,ピースフル北根,4,4101
11075,中山８丁目A戸建,4,4101
900239,×××コテージ恵和Ⅲ,4,4104
569,アップルトゥリー双葉ケ丘,4,4101
46228,パークハイム中條,4,4104
47521,シトラスグリーン,4,4102
44092,クレールＫⅡ,4,4105
83,コーポ泉,4,4103
93300,ＲＧ２－１３ ＢＬＤ,4,4102
913039,×××旭丘堤２丁目パーキング,4,4105
48840,ノースシティ５０,4,4101
13077,福住町Ｓパーキング,4,4102
42057,プラザ・ボヌール,4,4101
41070,セジュール八乙女ＭＥ－Ⅱ,4,4105
47431,ＧＲＡＮＤ　ＭＡＳＴ広瀬通,4,4101
91036,片平ホワイトレジデンス,4,4101
43018,プランドール高松,4,4101
40329,クレストⅢ,4,4102
507,グリーンメゾン旭,4,4105
47225,ニューチェリー愛子Ｂ,4,4101
94097,メゾン・ド・エル,4,4103
11077,黒松１丁目ＲＳ戸建,4,4105
50053,リバティ21,4,4104
47093,ＫＳフラットＢ,4,4101
42878,クリアヒルズ,4,4105
92051,第１伊藤ビル,4,4101
44248,ベルパークＫⅤ,4,4102
885,タウンコート八乙女,4,4105
40210,グリーンパーク小松島,4,4101
922108,×××コアロード八乙女,4,4105
48724,サゥージビバⅠ,4,4101
42118,ボヌール泉中央,4,4105
93128,ＰＯＷＥＲＨＯＵＳＥ,4,4105
51023,レオパレスＥＸＥ,4,4101
42760,ビューシティ泉Ⅶ,4,4105
900033,×××ピースフル太白５,4,4104
518,オアシスエイト,4,4104
990070,グランルージュ北一番丁,4,4101
48820,ドルフ川平,4,4101
42116,カーサ庄司,4,4105
48864,アルス上桜木,4,4216
44169,セジュール・モナリエＫ,4,4211
512,Ｋメゾン東勝山,4,4101
343,ティエラユースＢ棟,4,4104
51050,チェリーコーポⅡ,4,4101
12023,■　空き番号　■　一室Ｍ,4,4101
92111,コーポラス富広,4,4103
44385,ディアコート加茂Ｂ,4,4105
900012,×××宝荘,4,4101
47141,コーポローレル,4,4104
45411,イーストⅡ,4,4102
44068,ルミエール,4,4101
91040,佐藤アパート,4,4103
50087,ブランステージ柏木,4,4101
12,サンパレス旭ケ丘,4,4101
42746,コテージ彩,4,4105
913056,×××月極おの万駐車場,4,4101
51006,パークプレイス,4,4101
40327,クレストⅠ,4,4102
48787,レジュウィールB,4,4101
92096,※※削除※※,4,4101
49086,ロイヤルヒルズ南仙台,4,4104
46031,シャングリア仙台,4,4101
735,カーサ旭ケ丘,4,4101
13067,旭ケ丘２丁目Ｏ駐車場,4,4101
13074,鈎取３丁目小梁川パーキング,4,4104
44097,リビングタウン新田東Ｃ,4,4102
11053,榴岡４丁目Ｔ戸建,4,4102
40302,ウェストパル城南Ａ棟,4,4209
94045,コーポたんのⅠ,4,4103
990069,スペリオーレＰＩステージⅧ,4,4101
40319,レーベンハイム（メゾネット）,4,4421
1004,Ｔ’Ｓハウス高森,4,4105
561,サンライズ連坊駅南,4,4103
52044,メープルハイツ八木山,4,4104
47478,バリュージュ豊田B,4,4215
49037,メゾンプラネット台原,4,4101
15609,ティエラ多賀城２号館（家具家電付）,4,4209
910003,×××サンライズツツミ,4,4105
196,リリーハウス,4,4105
42941,ベルメゾン新田東,4,4102
11109,恵和町Ｓ戸建,4,4104
910053,×××桜ケ丘６丁目アパート,4,4101
921072,×××桜ケ丘５丁目Ｓ戸建,4,4101
93302,ホーユウコンフォルト南光台,4,4105
43529,クレフラスト太子堂Ⅱ,4,4104
45701,シャングリラ荒巻Ａ棟,4,4101
826,グランドール市名坂,4,4105
12111,■　空き番号　■　一室Ｍ,4,4101
51042,ノーブルカーサ川平,4,4101
47571,ベルエア高松Ａ,4,4101
42134,サン・クリスティ泉,4,4105
912085,×××ロイヤルパレス北山,4,4101
945,ポイント向田,4,4101
990337,扇谷アパート2,4,4101
42943,ルミネ薬師堂,4,4103
16007,レジディア榴岡ウエスト棟,4,4102
40318,レーベンハイム（戸建）,4,4421
912048,×××コープ野村ヒルズ川内,4,4101
44313,レジデンスリリィ,4,4101
44064,ラルーナ,4,4101
44223,アンビックス利府伍番館,4,4406
900216,×××コーポ高橋,4,4101
44394,リベラ花渕Ａ,4,4102
92169,ライフピアⅢ,4,4209
42899,南吉成５丁目貸家,4,4101
40418,コスモスB,4,4421
43913,アトレ北目町,4,4101
533,エコステージ鶴ケ谷,4,4102
136,■　空き番号　■　8世帯　※2020年11月までは空番号,4,4101
45302,アトレー成田町,4,4103
46886,パークアクシス仙台,4,4103
991018,×××メゾンド北山,4,4101
912049,×××カーサベルデ中山Ａ棟,4,4101
47119,ウエストフレグランスA,4,4101
50090,レジディア広瀬通,4,4101
999991,チサンマンション青葉通り,4,4101
900785,×××エスプワールＢ,4,4101
48173,ブラントン　スクエア,4,4105
47458,セダープラザC,4,4101
900381,×××鹿野コーポ,4,4101
388,コーポ村上,4,4101
45157,アイリス八乙女,4,4105
43939,ノースヒルズ壱番館,4,4105
923010,×××桜ケ丘５丁目駐車場,4,4101
47599,グレ・ＹＯＫＯＨＡＭＡＢ,4,4104
51047,ソアラプラザ仙台宮町,4,4101
47229,ビナスカンタ,4,4101
47326,クロスロードⅢ,4,4102
43919,アタゴドミトリーみずほ台,4,4105
48156,南光台第１,4,4105
47455,ＧＲＡＣＥＣＯＵＲＴｗｅｓｔ,4,4101
671,Walkers Hill メゾン,4,4101
48140,レオネクスト澁谷,4,4421
856,プランドビルあけぼの町,4,4101
42085,アバンサール泉中央,4,4105
798,ロフティ鶴が丘,4,4105
46208,ロイヤルガーデン西中田弐番館,4,4104
336,ピースフル泉Ｂ棟,4,4105
40782,ヴィラ・ルピナス,4,4105
44317,グリーンコートＢ,4,4209
40202,willDo上杉３丁目,4,4101
48914,グリーンハウス小野D,4,4102
48548,ライオンズマンション春日町,4,4101
40335,I・S・E,4,4104
44437,（仮）D-room成田A,4,4216
49104,佐保山貸家,4,4104
47008,メゾン・ドール中野Ａ,4,4102
47182,ドミールヒコ,4,4104
900017,×××カーサビアンカ,4,4101
942,フレグランス八本松,4,4104
43017,キャッスルパレス旭ヶ丘,4,4101
47498,ラピュータの杜,4,4101
37,イースト１８,4,4105
52013,ふきのとうⅠ,4,4104
43944,ベルシティ新寺,4,4103
42888,野村ステイツ八乙女グランシエル,4,4105
12029,シティタワー勾当台公園,4,4101
44107,セジュールＢ棟,4,4101
42939,ヒルズ・デ・ポラリス,4,4104
47146,タウニィエレガンス,4,4104
547,アクアシルヴァ,4,4101
94057,イーストハイツ,4,4102
44094,パルメゾン,4,4101
52019,フォレストグリーン八木山,4,4104
625,全健ハイム八木山Ⅰ,4,4104
50008,アルコバレーノ,4,4104
44304,シュロス台原,4,4101
52087,コーポＳ,4,4104
49031,フォーチュンヒルズⅡ,4,4103
42870,ロイヤルハイツ壱番館,4,4105
44048,コルベイユＡ,4,4104
47333,ステイゴールド,4,4102
48812,フレール中山壱番館,4,4101
10016,榴岡４丁目ＡＰ,4,4102
900690,×××ロフティグリーンヒルズⅡ,4,4104
12141,スプリングプラザ高瀬,4,4102
46804,第十一ショーケービル,4,4101
990316,バーシティハウス五橋,4,4101
12062,※※完全削除※※,4,4101
91015,青葉コーポ,4,4101
46977,レムナント晩翠,4,4101
962,Ｂａａｎ旭ケ丘Ｂ棟,4,4101
42075,パシフィック広瀬橋,4,4104
43975,八本松マンション,4,4104
47136,コーポめぐみ,4,4104
45100,コーポ北杜,4,4101
48785,スプリングガーデンF,4,4105
976,かすみ草,4,4103
44362,パセオプラシード成田Ａ,4,4216
49903,第2ダイキンビル,4,4101
477,メゾンエスポアール,4,4101
44054,リジェールＥ,4,4103
47421,アーバンハイツ花壇,4,4101
13065,虹の丘１丁目パーキング,4,4105
93030,デリジェンス泉中央（管理981へ移動）,4,4105
41604,スズキヒルズ,4,4105
1029,※※完全削除※※,4,4101
47270,セフィラハイツ,4,4102
12008,片平ホワイトレジデンス,4,4101
900440,×××静和荘,4,4104
900455,×××二の坂コーポ,4,4101
15804,フォレストパレス上杉,4,4101
468,カサブランカ新田２,4,4102
925002,×××グレース上杉Ｂ棟,4,4101
93234,コーポ相澤,4,4101
744,第１５ジュリアン,4,4101
41092,フォーレストハウスＣ棟,4,4101
900241,×××サニーライフ緑ケ丘第１,4,4104
47606,ルミエールコートⅤ,4,4104
984,タウンハウス桜ケ丘,4,4101
46229,アルティスタB,4,4104
398,ふれあいプラザ,4,4102
185,メゾンドＭ,4,4105
94074,サンメリーナ,4,4102
900538,×××ブルーハウス原町,4,4102
42055,ベルシティ銀杏町,4,4102
46865,ヴィラコート西中田,4,4104
49211,朝日プラザ幸町,4,4102
1019,ドミール青葉,4,4101
45401,ガーデンビレッジA棟,4,4103
48956,パルクロゼット伊在Ⅵ,4,4103
48219,ハピネス,4,4104
314,アーバンシティ南光台第２,4,4105
48525,プロスパーマンションⅡ,4,4203
93059,自然倶楽部,4,4102
40658,ビュウハイツ,4,4421
47630,メゾンコーラル,4,4104
52029,NOBLEHILLS,4,4104
883,メゾンカサブランカⅠ,4,4104
990361,エステートピア藤,4,4101
47354,エンゼルハイツ中山,4,4101
