si_no,si_name,si_kana,ken_no
1460,mSxǖ쒬,ݶ,1
2444,OˌS쒬,,2
5382,͕ӌSYa,,5
8211,푍s,ޮ,8
10525,WySWy,׸ݵ,10
13105,,ݷ,13
15443,kSo,,15
19344,SZ,,19
21301,HS쓇,,21
23205,cs,޼,23
23206,ts,޲,23
23207,Ls,ֶܼ,23
23208,Ós,¼ϼ,23
23209,ɓs,ͷݼ,23
23210,Js,Լ,23
23211,Lcs,,23
23212,s,ݼޮ,23
23213,s,Ƽ,23
23214,Ss,Ϻ޵ؼ,23
23215,Rs,ϼ,23
23216,튊s,ĺҼ,23
23217,]s,ݼ,23
23218,s,,23
23219,qs,Ϸ,23
23220,s,Żܼ,23
23221,Vs,ݼۼ,23
23222,Cs,ĳ,23
23223,{s,޼,23
23224,ms,,23
23225,ms,ح,23
23226,s,ر˼,23
23227,ls,ϼ,23
23228,qs,ܸ׼,23
23229,Ls,ֱ,23
23230,is,Ưݼ,23
23231,cs,׼,23
23232,s,,23
23233,{s,ֽ,23
23234,kÉs,źԼ,23
23235,xs,м,23
23236,݂悵s,ּ,23
23237,܎s,ϼ,23
23238,vs,Ŷ޸ü,23
23302,mS,ĳ޳,23
23304,mSv蒬,,23
23341,tSf,,23
23342,tSLR,Ƽ޲,23
23343,tSt,,23
23344,tSt,,23
23345,tSt,,23
23346,tSF,,23
23347,tSV쒬,,23
23361,OHS,ܸݵ,23
23362,OHS}K,ܸ̿,23
23381,tISؑ]쒬,,23
23401,Sc],,23
23402,Sa,,23
23421,CS,,23
23422,CSa,,23
23423,CSrڎ,,23
23424,CS厡,ϸݵ,23
23425,CSI],ϸݶƴ,23
23426,CS\lR,,23
23427,CS򓇑,ϸ޼,23
23428,CSx,,23
23429,CS,,23
23430,CSc,,23
23431,CSJ,,23
23432,CSD,,23
23441,mSv䒬,ݱ޲,23
23442,mSY,˶޼,23
23445,mSm,,23
23446,mSl,,23
23447,mSL,,23
23481,SF,,23
23482,Sgǒ,,23
23483,S,,23
23501,zcSKc,Ƕݺ,23
23502,zcSzc,,23
23521,ΌSOD,,23
23522,ΌS,,23
23523,ΌS,,23
23541,ΌS,,23
23543,ΌSR,,23
23544,ΌS,,23
23545,ΌS,,23
23561,k݊yS݊y,׸ݼ,23
23562,k݊ySh,׸ĳ,23
23563,k݊ySL,׸,23
23564,k݊ySxR,,23
23565,k݊ySË,,23
23566,k݊yS,,23
23581,݊ySP,,23
23582,݊yS葺,,23
23601,ьSH,,23
23602,ьS{,,23
23603,ьS䒬,,23
23604,ьSÒ,,23
23621,Sc,,23
23622,SԉH,,23
23623,S,,23
24201,Îs,¼,24
24202,lss,֯,24
24203,ɐs,,24
24204,s,»,24
24205,Ks,ż,24
25422,mSΓ,,25
25423,mS`,,25
25424,mSm쒬,,25
25425,mS,ݱ,25
25441,SL,Ƕиֻ,25
25442,Sbǒ,Ƕиݺ,25
25443,S꒬,Ƕи,25
25461,cSR,,25
25462,cSɐ,,25
25463,cSČ,,25
25464,cSߍ],,25
25481,S䒬,,25
25482,SՕP,,25
25483,SΖk,,25
25484,Sт풬,,25
25501,ɍS,,25
25502,ɍSؔV{,,25
25503,ɍS],,25
25504,ɍS䒬,,25
25521,S}Lm,,25
25522,SÒ,,25
25523,Sؑ,,25
25524,Sܐ쒬,,25
25525,S,,25
25526,SV,,25
26101,ssk,ļ,26
26102,ss㋞,ļзޮ,26
26103,ss,ļ,26
26104,ss,ļŶޮ,26
26105,ssR,ļ˶޼ϸ,26
26106,ss,ļӷޮ,26
26107,ss,ļи,26
26108,ssE,ļ,26
26109,ss,ļ̼и,26
26110,ssRȋ,ļϼŸ,26
26111,ss,ļƼ,26
26201,mRs,̸ϼ,26
26202,ߎs,ϲټ,26
26203,s,޼,26
26204,Fs,޼,26
26205,{Îs,޼,26
26206,Ts,ҵ,26
26207,zs,ޮֳ,26
26208,s,Ѻ,26
26209,s,Ŷ޵,26
26210,s,,26
26211,cӎs,޼,26
26212,Os,ݺ޼,26
26213,Os,ݼ,26
26214,ؒÐs,޶ܼ,26
26303,PSR蒬,ĸƸݵϻ޷,26
26322,vSvR,ݸ,26
26343,ԊS蒬,޷ݲ,26
26344,ԊSFc,޷ݳ,26
26361,ySR钬,,26
26362,ySؒÒ,,26
26363,ySΒ,,26
26364,yS}u,׸ݶ,26
26365,ySa,׸޶,26
26366,ySؒ,׸ݾ,26
26367,ySR鑺,׸ϼ,26
26381,kKcSk,,26
26382,kKcSR,,26
26401,DS,,26
26402,DSؒ,,26
26403,DSOg,,26
26404,DSg,,26
26405,DS䒬,,26
26406,DSam,,26
26407,DSOg,Ųݷ,26
26421,VcSOa,,26
26422,VcSv쒬,,26
26441,S],,26
26461,^ӌSx,,26
26462,^ӌS꒬,,26
26463,^ӌSɍ,ֻݲ,26
26464,^ӌSc쒬,,26
26465,^ӌS^Ӗ쒬,ֻֻ,26
26481,SR,,26
26482,S{,,26
26501,|SԖ쒬,,26
26502,|SO㒬,,26
26503,|Sh,,26
26521,FSvl,,26
27102,ss,Ժϸ,27
27103,s,̸ϸ,27
27104,sԋ,Ÿ,27
27106,s,Ƽ,27
27107,s`,ĸ,27
27108,s吳,,27
27109,sV,ɳ޸,27
27111,sQ,ܸ,27
27113,s,Ƽ޶ܸ,27
27114,s,˶޼޶ܸ,27
27115,s,˶޼ظ,27
27116,s,ɸ,27
27117,s,˸,27
27118,s铌,ޮĳ,27
27119,s{,ɸ,27
27120,sZg,ּ,27
28343,S,,28
28361,S,,28
28362,S,,28
28363,S㒬,,28
28364,Sc,,28
28365,S,,28
28381,ÌS,ݲ,28
28382,ÌSd,,28
28421,SƓ,,28
28422,SO,,28
28441,_S_蒬,,28
28442,_Ss쒬,ݻ޷ݲ,28
28443,_S蒬,ݻ޷̸,28
28444,_S,,28
28445,_S͓,,28
28446,_S_͒,ݻ޷ݶж,28
28461,KیSV{,,28
28462,KیSKې쒬,,28
28463,KیSÒ,,28
28464,KیSq,޸,28
28481,ԕSS,ݶк޵,28
28501,pSp,ֳݻֳ,28
28502,pS㌎,,28
28503,pS,,28
28504,pSO,,28
28521,SR蒬,,28
28522,Sx,,28
28523,S{,,28
28524,Sg꒬,,28
28525,S풬,,28
28541,S蒬,,28
28542,S|쒬,,28
28543,SZ,,28
28544,S,,28
28561,oΌSoΒ,,28
28562,oΌSA,,28
28581,S,,28
28582,Sl⒬,,28
28583,S,,28
28584,S,,28
28585,S,жݶ,28
28586,SV,жݼݵݾ,28
28601,{S,,28
28602,{S{,,28
28603,{S剮,,28
28604,{S֋{,,28
28621,S쒬,,28
28622,SacR,,28
28623,SR,,28
28624,S,,28
28641,XS,,28
28642,XSX㒬,,28
28643,XS_,,28
28644,XSt,,28
28645,XSR쒬,,28
28646,XSs,,28
28681,ÖSÖ,,28
28682,ÖSWH,,28
28683,ÖSkW,,28
28684,ÖS{,,28
28685,ÖSܐF,,28
28686,ÖSY,,28
28701,OSΒ,,28
28702,OSW,,28
28703,OSO,,28
28704,OSW,,28
29201,ޗǎs,׼,29
29202,acs,޼,29
29203,aSRs,ĺϼ,29
29204,Vs,ؼ,29
29205,s,׼,29
29206,s,ײ,29
29207,ܞs,޼ޮ,29
29208,䏊s,޾,29
29209,s,ϼ,29
29210,Ŏs,޼,29
29211,s,׷޼,29
29212,FɎs,޼,29
29301,YSP,,29
29321,RӌSsV,,29
29322,RӌSRY,޸Ͽ޴,29
29342,SQ,ϸ͸,29
29343,SO,ϸݻݺ޳,29
29344,S,ϸݲٶ,29
29345,Sg,ϸݱ,29
29361,S쐼,ݶƼ,29
29362,SO,Թ,29
29363,Sc{,,29
29381,FɌSFɒ,,29
29382,FɌSpc쒬,,29
29383,FɌSY,,29
29384,FɌS,,29
29385,FɌS],޸ݿ,29
29386,FɌS,޸´,29
29401,sS撬,,29
29402,sS,ݱ,29
29421,kSV,,29
29422,kSc,,29
29424,kSq,׷޸ݶϷ,29
29425,kS,׷޸ݵ,29
29426,kSL˒,׷޸ݺخ,29
29427,kS͍,׷޸ݶܲ,29
31370,Sl,ĳʸ,31
31371,SՉY,ĳʸݺĳ,31
31372,Skh,ĳʸθ,31
31381,S,,31
31382,S,,31
31383,Sݖ{,,31
31384,SgÑ,ʸ˴޿,31
31385,S],,31
31386,SR,ʸ޲,31
31387,Sa,,31
31388,SR,,31
31389,S암,ʸ,31
31390,S˒,ʸγ,31
31401,S쒬,ɸ,31
31402,S쒬,ɸ,31
31403,S]{,ɸݺ,31
31404,Sa,,31
32201,]s,´,32
32202,lcs,޼,32
32203,o_s,Ӽ,32
32204,vcs,Ͻ޼,32
32205,cs,޼,32
32206,s,Խ޼,32
32207,]Îs,޳¼,32
32208,cs,,32
32209,_s,ݼ,32
32301,S,,32
32302,S,,32
32303,Sۊ֒,,32
32304,So_,,32
32305,S_,,32
32306,Sʓ,,32
32307,S,,32
32308,S,,32
32321,\`SL,,32
32322,\`S,,32
32341,mSm,,32
32342,mSc,,32
32343,mSo_,ݵ,32
32361,匴S哌,,32
32362,匴SΒ,,32
32363,匴S؎,,32
32381,ѐΌSO,,32
32382,ѐΌSgc,,32
32383,ѐΌS|,,32
32384,ѐΌSڌ,,32
32385,ѐΌSԗ,,32
32386,ѐΌSѓ쒬,ݲ,32
32401,S쒬,,32
32402,Sc,,32
32403,S꒬,,32
32404,SΗ˒,,32
32405,SВ,,32
32421,玖SÒ,,32
32422,玖Sm,,32
32441,WqS{,ݶ,32
32442,WqSWq,,32
32443,WqSa,,32
32444,WqSH{,,32
32445,WqS䒬,,32
32446,WqSΌ,,32
32447,WqS],,32
32448,WqS,л,32
32449,WqSW쒬,ݵ,32
32462,߉S钬,,32
32463,߉S,,32
32464,߉Sh,,32
32465,߉SO,,32
32481,ZSs,,32
32482,ZSC,,32
32501,SØa쒬,ɱ,32
32502,S,,32
32503,S`ؑ,,32
32504,SZs,,32
32505,Sg꒬,ɱּ,32
32521,BS,,32
32522,BSz{,,32
32523,BS܉ӑ,,32
32524,BSs,,32
32525,BSCm,ݱ,32
32526,BSm,Ƽɼ,32
32527,BSmv,,32
32528,BSB̓,ݵɼ,32
33101,Rsk,ϼ,33
33102,Rs,ϼŶ,33
33103,Rs,ϼ˶޼,33
33104,Rs,ϼи,33
33201,Rs,,33
33202,q~s,׼,33
33203,ÎRs,ϼ,33
33204,ʖs,ɼ,33
33205,}s,,33
33207,䌴s,׼,33
33208,Ўs,ެ,33
33209,s,ʼ,33
33210,Vs,Ʋм,33
33211,Os,޾ݼ,33
33212,˓s,ĳ,33
33213,Ԕ֎s,ܼ,33
33214,^s,ܼ,33
33215,s,ϻ,33
34326,Sga,,34
34327,S{,,34
34328,S\,,34
34329,S,,34
34330,S`,,34
34361,RSv,,34
34362,RSꑺ,,34
34363,RSˉ͓,,34
34364,RS|k,,34
34365,RS咩,,34
34366,RSc,,34
34367,RSL,,34
34368,RS|c,϶ݱ,34
34369,RSkL,϶ݷۼ,34
34381,cSgc,,34
34382,cS㒬,,34
34383,cSy,,34
34384,cS{,,34
34385,cSbc,,34
34386,cS,,34
34402,ΌS,,34
34405,ΌSx,,34
34406,ΌSLh,,34
34407,ΌSa,,34
34408,ΌS͓,,34
34421,LcS{,,34
34422,LcS|Ò,,34
34423,LcSY,,34
34424,LcSK,,34
34425,LcSLl,,34
34426,LcSL,,34
34427,LcS蒬,,34
34428,LcS쒬,,34
34429,LcS؍],,34
34430,LcS˓c,,34
34431,LcS㓇,ݵм,34
34441,䒲S䒲,,34
34442,䒲Sv䒬,,34
34444,䒲S,,34
34461,SbR,,34
34462,S,׸ݾ,34
34463,S,,34
34481,GSC,,34
34482,GSG,,34
34501,[S_Ӓ,,34
34524,iSVs,,34
34541,_ΌSؒ,,34
34542,_ΌS_Β,,34
34543,_ΌSL,,34
34544,_ΌSOa,,34
34545,_ΌS_΍,ݾݼݾ,34
34561,bzS㉺,,34
34562,bzS̒,,34
34563,bzSbz,,34
34581,oOSNc,,34
34582,oOSz쑺,,34
34583,oOSؑ,,34
34584,oOSgɒ,,34
34585,oOSOǍ⒬,,34
34586,oOSOa,,34
34601,kS钬,,34
34602,kS钬,,34
34603,kSa,,34
34604,kS쒬,,34
34605,kSa,,34
35201,֎s,ɾ,35
35202,Fs,޼,35
35203,Rs,ϸ,35
35204,s,ʷ޼,35
35205,Rs,,35
35206,h{s,γ̼,35
35207,s,¼,35
35208,⍑s,ܸƼ,35
35209,cs,,35
35210,s,˶ؼ,35
35211,s,Ŷļ,35
35212,s,Ų,35
35213,Is,ȼ,35
35214,Vzs,,35
35215,s,ݼ,35
35216,Rzcs,ֳ޼,35
35301,哇Sv꒬,,35
35302,哇S哇,,35
35303,哇Sa,,35
35304,哇Sk,,35
35305,哇Sh哇,ϸݽ,35
35321,όSaؒ,޸ܷ,35
35322,όSRF,,35
35323,όSϒ,,35
35324,όS{,,35
35325,όS,,35
35326,όSђ,,35
35327,όS唩,,35
35328,όS쒬,,35
35329,όSa,,35
35341,FьS֒,Ϲ޸ݶɾ,35
35342,FьSa,,35
35343,FьScz{,Ϲ޸޾,35
35344,FьS,Ϲ޸׵,35
35345,FьSFђ,,35
35361,sZS쒬,,35
35381,gSn,,35
35401,g~SH䒬,,35
35402,g~SS,,35
35403,g~Sm{,,35
11100,܎s,,11
11101,܎s,ϼƼ,11
11102,܎sk,ϼ,11
11103,܎s{,ϼԸ,11
11104,܎s,ϼϸ,11
11105,܎s,ϼ,11
11106,܎s,ϼ׸,11
11107,܎sYa,ϼܸ,11
11108,܎s,ϼи,11
11109,܎s΋,ϼظ,11
11110,܎s΋,ϼ·,11
11201,zs,ܺ޴,11
11202,FJs,϶Լ,11
11203,s,ܸ,11
11204,Yas,,11
11205,{s,,11
11206,scs,ޮ޼,11
11207,s,޼,11
11208,s,ĺۻܼ,11
11209,є\s,ɳ,11
11210,{s,޼,11
11211,{s,ݼޮ,11
11212,Rs,˶޼ϼ,11
11213,Ύs,,11
11214,ts,޼,11
11215,Rs,ϼ,11
11216,Hs,ƭ,11
11217,s,ɽ,11
11218,[Js,̶Լ,11
11219,s,޵,11
11220,^s,,11
11221,s,,11
11222,zJs,Լ,11
11223,ns,޼,11
11224,˓cs,޼,11
11225,Ԏs,ϼ,11
11226,PJs,,11
11227,s,,11
11228,u؎s,,11
11229,as,ܺ,11
11230,Vs,Ʋ޼,11
11231,s,ܼ,11
11232,vs,,11
11233,k{s,ļ,11
11234,s,Լ,11
11235,xms,̼м,11
11236,㕟s,,11
11237,Os,лļ,11
11238,@cs,ʽ޼,11
11239,ˎs,޼,11
11240,Ks,ü,11
11241,߃Ps,ٶ޼ϼ,11
11242,s,޶,11
11243,gs,ּܼ,11
11244,܎s,,11
11245,ӂݖs,̼ɼ,11
11246,s,׵,11
11301,kSɓޒ,ݲ,11
11304,kS㒬,,11
11322,ԌS䒬,,11
11324,ԌSOF,ϸּ,11
11326,ԌSјCR,ϸ,11
11327,ԌSz,ϸݵ޾,11
11330,ԌSI,,11
11341,S쒬,˷Ҷ,11
11342,SR,˷ݻ,11
11343,S쒬,˷ݵ,11
11344,Ss쑺,,11
11345,Sʐ쑺,,11
11346,S쓇,˷ݶܼ,11
11347,Sg,˷ּ,11
11348,SR,˷,11
11349,SƂ풬,˷ķ,11
11361,S,޸ֺ,11
11362,SF쒬,޸,11
11363,SҒ,޸Ŷ,11
11364,Sgc,,11
11365,S쒬,޸ݵ,11
11366,S_,,11
11367,Sꑺ,,11
11368,Sr쑺,,11
11369,S,޸˶޼,11
11381,ʌS,ϸл,11
11382,ʌSʒ,,11
11383,ʌS_쒬,ϸݶж,11
11384,ʌS_,,11
11385,ʌS㗢,ϸݶл,11
11401,嗢S嗢,,11
11402,嗢S]쒬,,11
11403,嗢Sȏ,,11
11405,嗢S,,11
11406,嗢S{,,11
11407,嗢Sԉ,,11
11408,嗢S񋏒,ĸز,11
11421,kʌSR,,11
11422,kʌS͌,,11
11423,kʌS엢,,11
11424,kʌSkӒ,,11
11425,kʌS嗘,,11
11442,ʌS{㒬,лϸԼ,11
13106,䓌,ĳ,13
13107,nc,޸,13
13108,],ĳ,13
13109,i,Ŷܸ,13
13110,ڍ,Ҹ۸,13
13111,c,,13
13112,cJ,Ը,13
13113,aJ,Ը,13
13114,,Ŷɸ,13
13115,,и,13
13116,L,ļϸ,13
13117,k,,13
13118,r,׶ܸ,13
13119,,޼,13
13120,n,ϸ,13
13121,,,13
13122,,¼,13
13123,]ː,޶ܸ,13
13201,qs,޼,13
13202,s,ܼ,13
13203,s,ѻɼ,13
13204,Os,,13
13205,~s,Ҽ,13
13206,{s,,13
13207,s,ϼ,13
13208,zs,̼,13
13209,cs,޼,13
13210,s,Ȳ,13
13211,s,޲׼,13
13212,s,ɼ,13
13213,Rs,˶޼ϼ,13
13214,s,ݼ޼,13
13215,s,,13
13216,cs,,13
13217,ےJs,,13
13218,s,̯,13
13219,]s,ϴ,13
13220,as,˶޼ļ,13
13221,s,־,13
13222,vĎs,˶޼Ҽ,13
13223,Rs,ѻϼ,13
13224,s,ϼ,13
13225,s,ŷ޼,13
13227,Hs,׼,13
13228,s,ɼ,13
13229,s,Ƽĳ,13
13303,S䒬,Ƽϸн,13
13305,S̏o,Ƽϸ,13
13307,Sw,Ƽϸ,13
13308,S,Ƽϸݵ,13
13361,哇,,13
13362,,ļ,13
13363,V,Ʋ,13
13364,_Ó,޼,13
13381,OO,ԹԹ,13
13382,䑠,и׼,13
13401,䓇䒬,ޮޮ,13
13402,P,޼,13
13421,},޻,13
14101,lsߌ,ֺϼи,14
14102,ls_ސ,ֺϼŶܸ,14
14103,ls,ֺϼƼ,14
14104,ls,ֺϼŶ,14
14105,ls,ֺϼи,14
14106,lsۓyPJ,ֺϼ޶Ը,14
14107,lsq,ֺϼ޸,14
14108,ls,ֺϼŻܸ,14
14109,ls`k,ֺϼθ,14
14110,ls˒ˋ,ֺϼ¶,14
14111,ls`,ֺϼݸ,14
14112,ls,ֺϼ˸,14
14113,ls΋,ֺϼظ,14
14114,lsJ,ֺϼԸ,14
14115,lsh,ֺϼ,14
14116,ls,ֺϼи,14
14117,lst,ֺϼ޸,14
14118,lss},ֺϼ޷,14
14131,s,ܻܻ,14
14132,sK,ܻܲ,14
14133,s,ܻŶ׸,14
14134,sË,ܻ¸,14
14135,s,ܻϸ,14
14136,s{O,ܻϴ,14
14137,s,ܻ,14
14151,͌s΋,׼ظ,14
14152,͌s,׼,14
14153,͌s,׼и,14
14201,{s,ֺ,14
14203,ˎs,¶,14
14204,qs,ϸ׼,14
14205,s,̼޻ܼ,14
14206,cs,׼,14
14207,Ps,޻,14
14208,qs,޼,14
14209,͌s,,14
14210,OYs,г׼,14
14211,`s,ɼ,14
14212,؎s,·޼,14
15444,kSVJ,,15
15445,kSL_,,15
15446,kS呺,,15
15447,kSL,,15
15461,싛S,гϸջ,15
15462,싛S,,15
15463,싛SZ,,15
15464,싛Sa,,15
15481,S쐼,,15
15482,SÓ쒬,Ŷϸ,15
15483,S,,15
15501,HS,,15
15502,HS,,15
15504,HSH,ܸݶ,15
15505,HSR,,15
15521,S˒,,15
15522,SY쌴,,15
15523,S㒬,,15
15524,SVR,,15
15525,S哇,,15
15526,Sq,,15
15541,S`蒬,,15
15542,S劃,,15
15543,S鑺,,15
15544,Sg쒬,,15
15545,S,,15
15546,S,,15
15547,S,,15
15548,Sq,,15
15549,S,,15
15550,SOa,,15
15561,S,,15
15562,S\,,15
15563,SC,,15
15581,DS֐쑺,ȸݾ,15
15582,DSr쒬,,15
15583,DS_ё,,15
15584,DS,,15
15585,DSRk,,15
15586,DSY,ȸݱܼϳ,15
15601,nS쒬,,15
15602,nSac,,15
15603,nS䒬,,15
15604,nSV䑺,,15
15605,nS쒬,,15
15606,nS^쒬,,15
15607,nSؒ,,15
15608,nSHΒ,,15
15609,nSԔ,,15
16201,xRs,ϼ,16
16202,s,,16
16203,Vs,,16
16204,Îs,޼,16
16205,Xs,м,16
16206,s,ضܼ,16
16207,s,޼,16
16208,vgs,м,16
16209,s,޼,16
16210,vs,ļ,16
16211,ːs,н޼,16
16301,VS쒬,,16
16302,VSR,,16
16321,VSM,ŶƲܸʼ,16
16322,VSs,ŶƲܸݶв,16
16323,VSR,ŶƲܸ,16
16341,VSFތ,,16
16342,VSP,Ʋܸƭ,16
16343,VS,Ʋܸݱ,16
16361,wS,,16
16362,wSw,,16
16363,wSRc,,16
16364,wSד,,16
16381,ːS,,16
16382,ːS咬,,16
16383,ːS,,16
16384,ːS哇,,16
16401,gS[,,16
16402,gS,,16
16403,gS㕽,,16
16404,gSꑺ,,16
16405,gS쒬,,16
16406,gSg,,16
16407,gS,,16
16408,gS쒬,,16
16421,gS,,16
16422,gS,,16
17201,s,Żܼ,17
17202,s,ŵ,17
17203,s,¼,17
17204,֓s,ܼϼ,17
17205,Fs,޼,17
17206,s,޼,17
17207,Hs,ʸ,17
17208,Cs,,17
17209,قs,θ,17
17210,Rs,ʸݼ,17
17211,\s,м,17
17212,Xss,ɲ,17
17301,]SR,,17
17321,\S㒬,,17
17322,\S䒬,,17
17323,\SC,,17
17324,\Sk,иݶܷ,17
19345,S,,19
19346,SsO,Ƽ¼۸ݲл,19
19361,싐S䒬,,19
19362,싐S,,19
19363,싐Sx,,19
19364,싐S쒬,кϸԶ,19
19365,싐Sg,кϸ,19
19366,싐S암,кϸ,19
19367,싐Sx,,19
19368,싐Sxm쒬,кϸ̼޶,19
19381,S,,19
19382,S~,,19
19383,Sʕ䒬,,19
19384,Sa,Ŷϸݼ,19
19385,Scx,,19
19386,Sc,,19
19387,S,,19
19388,S,,19
19389,Sᑐ,,19
19390,S`,,19
19391,Sb,,19
19401,kSot,,19
19402,kS쑺,,19
19403,kS{ʒ,,19
19404,kS,,19
19405,kS⒬,,19
19406,kS,,19
19407,kS,,19
19408,kSB,,19
19409,kS쑺,,19
19421,sSHR,,19
19422,sSu,ٸ޳,19
19423,sSj,ٸƼ,19
19424,sSE쑺,ٸݵ,19
19425,sSRΑ,ٸŶ,19
19426,sS͌Β,,19
19427,sSR,,19
19428,sSac,,19
19429,sS,ٸٻ,19
19430,sSxm͌Β,ٸ̼޶ܸ,19
19441,ksS쌴,,19
19442,ksS,ٸݺ,19
19443,ksSOgR,ٸ,19
20201,s,Ŷɼ,20
20202,{s,ļ,20
20203,cs,޼,20
20204,Js,Լ,20
20205,ѓcs,޼,20
20206,zKs,ܼ,20
20207,{s,޶,20
20208,s,ۼ,20
20209,ɓߎs,ż,20
20210,Ps,϶ȼ,20
20211,s,Ŷɼ,20
20212,咬s,,20
20213,юRs,ϼ,20
20214,s,ɼ,20
20215,Ks,ؼ,20
20216,Xs,,20
20217,vs,,20
20218,Ȏs,ϼ,20
20219,s,ĳм,20
20220,ܖs,ɼ,20
20301,썲vSPc,,20
20302,썲vSv,,20
20303,썲vSC,лݺ,20
20304,썲vS㑺,лݶܶ,20
20305,썲vSq,лϷ,20
20306,썲vS쑊ؑ,лб,20
20307,썲vSkؑ,лݷ,20
20308,썲vS䑺,,20
20309,썲vSv䒬,лݻ,20
20321,kvSy,ݶٲ,20
20322,kvS],,20
20323,kvSc,,20
20324,kvSȒ,ü,20
20325,kvSȑ,,20
20326,kvSkq,,20
20341,Sێq,,20
20342,S咬,,20
20343,S,,20
20345,S^c,,20
20346,SΑ,,20
20347,Sac,,20
20349,Sؑ,ݱ,20
20350,Sa,Ŷ,20
20361,zKSzK,ܸݼӽ,20
20362,zKSxm,ܸ̼,20
20363,zKS,ܸ,20
20381,ɓߌS,,20
20382,ɓߌSC쒬,вŸ,20
20383,ɓߌS֒,вŸ,20
20384,ɓߌSѓ,вŸݲ,20
20385,ɓߌS얥֑,вŸ,20
20386,ɓߌS쑺,вŸŶ,20
20387,ɓߌSJ,,20
21302,HS쒬,ʼϸݷ,21
21303,HS},ʼϸݶ,21
21304,HSÒ,,21
21321,CÌSCÒ,,21
21322,CÌSc,,21
21323,CÌSZ,,21
21341,{VS{V,ֳ۳ֳ۳,21
21342,{VSΒÒ,,21
21361,sjS䒬,ܸٲ,21
21362,sjSփP,ܸݾ,21
21381,S_˒,ݺ޳,21
21382,S֔V,ɳ,21
21383,S,ݱ,21
21384,Sn,,21
21401,KSK쒬,޸ݲ޶,21
21402,KSJ,,21
21403,KS쒬,޸ݵ,21
21404,KSrc,޸ݲ,21
21405,KSt,,21
21406,KSv,,21
21407,KS,,21
21408,KS,,21
21421,{Sk,Ľݷ,21
21422,{S{,,21
21423,{Sϒ,,21
21424,{S쒬,,21
21425,{S^,,21
21426,{Sђ,,21
21427,{S,,21
21441,RSx,,21
21442,RSɎǑ,,21
21443,RSR,,21
21461,VSˑ,,21
21462,VS摺,,21
21463,VS|쒬,,21
21464,VSV,,21
21465,VSVۑ,,21
21481,SS,,21
21482,SSa,,21
21483,SS,,21
21484,SSh,,21
21485,SS,,21
21486,SS,,21
21487,SSaǑ,,21
21501,ΌSj,Ӹݻη,21
21502,ΌSx,Ӹж,21
21503,ΌSӒ,Ӹݶ,21
21504,ΌS@,Ӹ,21
21505,ΌSSÒ,ӸԵ,21
21506,ΌS쒬,Ӹݼ׶,21
21507,ΌS쑺,Ӹ˶޼׶,21
21521,S䐓,Ƹ,21
21523,SR,,21
21541,yS},,21
21561,bߌS≺,,21
21562,bߌS㑺,,21
21563,bߌSqꑺ,,21
21564,bߌStm,,21
21565,bߌS,,21
21566,bߌSg쑺,,21
21567,bߌS⑺,,21
21568,bߌSR,,21
21569,bߌSq,,21
21570,bߌS,,21
21571,bߌS쒬,,21
21581,vcS,,21
21582,vcS⒬,,21
21583,vcSC,,21
21584,vcSR,,21
21585,vcSn,,21
21601,SO쑺,,21
21602,S,,21
21603,S쑺,,21
21604,S쑺,ɸݼ׶,21
21605,S{,,21
21606,SvX쒬,,21
21607,S,,21
21608,S,,21
21621,gSÐ쒬,,21
21622,gS{,,21
21623,gS͍,,21
21624,gS{쑺,,21
21625,gS_,,21
21626,gS,,21
22101,És,޵,22
22102,Ésx͋,޵ٶ޸,22
22103,És,޵н޸,22
22131,ls,¼Ŷ,22
22132,ls,¼˶޼,22
22133,ls,¼Ƽ,22
22134,ls,¼и,22
22135,lsk,¼,22
1461,mSxǖ쒬,Ŷ,1
1462,mSxǖ쒬,,1
1463,ES芥,ճ¸ݼѶ,1
1464,Sa,жܸܯ,1
1465,S,жܸݹ,1
1466,S,,1
1467,SA,,1
1468,S쒬,жܸݼӶ,1
1469,S[,Ŷ̶ܸ,1
1470,SЎq{,ŶܸݵĲȯ,1
1471,S쒬,ŶܸŶ,1
1472,JSy,ح۶Ų,1
1481,ьSђ,ϼϼ,1
1482,GS,Ӳݵ,1
1483,ϑOSϑO,ϴϴ,1
1484,ϑOSHy,ϴ,1
1485,ϑOSRʑ,ϴݼ,1
1486,VSʒ,üݴ,1
1487,VSV,üü,1
1488,VSy,,1
1511,@JS,Ըݻ,1
1512,}KSlڕʒ,,1
1513,}KSڕʒ,Ŷ,1
1514,}KS}K,ݴ,1
1515,}KS̓o,,1
1516,VSLx,ü,1
1517,當S當,ݸ,1
1518,KSK,ؼظؼ,1
1519,KSKxm,ؼظؼ̼,1
1520,VSy,ü,1
1541,ԑSՑ,,1
1542,ԑSʒ,,1
1543,ԑSy,޼ظ,1
1544,ԑSÕʒ,޼ظ,1
1545,ΗSΗ,ظݼ,1
1546,ΗS,ظݷֻ,1
1547,ΗS,ظݺн,1
1548,CS[쒬,,1
1549,CSPq{,ĺ۸ݸȯ,1
1550,CSu˒,ĺ۸ݵ,1
1551,CSA,,1
1552,CSCԒ,ĺ۸ݻ,1
1553,CSC,,1
1554,ʌSc,,1
1555,ʌSy,¸ݴݶ,1
1556,ʌSېz,,1
1557,ʌSꑺ,,1
1558,ʌSNʒ,,1
1559,ʌSNʒ,¸ճ,1
1560,ʌS㒬,¸ɳ,1
1561,ʌS,¸ݵ,1
1562,ʌS,¸Ƽ,1
1563,ʌSY,¸ݵ,1
1564,ԑS,޼ظݵ,1
1571,cSLY,ֳ,1
1572,cSc,,1
1573,cSꑺ,,1
1574,LSꑺ,,1
1575,LSs˒,ݿ,1
1578,VSV,׵ݼ׵,1
1579,ES,,1
1580,ESǕ,,1
1581,ES^,ճ¸ݱ,1
1582,ES쒬,,1
1583,ESʒ,,1
1584,cSΒ,ĳԺ,1
1585,ES,ճ¸ݱ,1
1586,ESނ풬,ճ¸Ѷ,1
1601,S,ٸ޶,1
1602,S撬,ٸ,1
1603,Sʒ,,1
1604,VSV,Ʋ߸Ʋ,1
1605,ÓSÓ,,1
1606,OΌSOΒ,,1
1607,Y͌SY͒,׶ܸݳ׶,1
1608,lSl,Ƹݻ,1
1609,yS,۲иݴ,1
1610,SVЂ,޶ݼ޶,1
1631,͓SX,ĳݵ̹,1
1632,͓Smy,ĳݼ,1
1633,͓Smy,ĳݶм,1
1634,͓Sǒ,ĳݼ,1
2445,OˌS암,͸,2
2446,OˌSK㒬,͸ʼ,2
2447,OˌSn,,2
2448,OˌS싽,,2
2449,OˌSqΑ,,2
2450,OˌSV,͸ݼݺ޳,2
3201,s,ص,3
3202,{Îs,Ժ,3
3203,Dns,ļ,3
3204,s,,3
3205,Ԋs,Ϸ,3
3206,ks,м,3
3207,vs,޼,3
3208,s,ĵɼ,3
3209,֎s,ɾ,3
3210,Ocs,ظ,3
3211,Ύs,ϲ,3
3212,]hs,,3
3213,ˎs,ͼ,3
3214,s,,3
3215,Bs,,3
3216,s,ܼ,3
3301,SΒ,øݼ޸,3
3302,S,øݸϷ,3
3303,S蒬,øݲ,3
3304,S,,3
3305,S,,3
3306,S,,3
3307,SʎR,,3
3308,S㒬,,3
3321,gSg,ܸݼ,3
3322,gSВ,ܸ,3
3341,BьS唗,,3
3342,BьSΒJ,,3
3361,aSa,,3
3363,aSc,,3
3365,aS,,3
3366,aSa꒬,ܶ޸Ƽܶ,3
3381,_SP蒬,ܸݶȶ޻,3
3382,_SO,,3
3383,_S_,,3
3384,_Sߐ쑺,,3
3401,ֈSԐ,,3
3402,ֈS,Ƽܲײ,3
3421,ֈS哌,,3
3422,ֈS,,3
3423,ֈSX,,3
3424,ֈSR,,3
3425,ֈS,,3
3426,ֈS葺,,3
3441,CSZc,ݸݽ,3
3442,CSO,,3
3461,ɌSƒ,Ͳݵ,3
3462,ɌS{瑺,,3
3481,ɌScV,,3
3482,ɌSRc,Ͳ,3
3483,ɌS,Ͳݲܲ,3
3484,ɌSc씨,Ͳ,3
3485,ɌS㑺,Ͳ޲,3
3486,ɌSV,,3
3487,ɌS䑺,,3
3501,ˌSyĒ,͸ݶϲ,3
3502,ˌSs,,3
3503,ˌSc,͸,3
3504,ˌSR`,,3
3505,ˌS쑺,,3
3506,ˌSˑ,͸ݸ,3
3507,ˌSm쒬,͸,3
3521,ˌS@,,3
3523,ˌS㒬,,3
3524,ˌS˒,͸ݲ,3
5401,RSmے,,5
5402,RSY,,5
5403,RSۊ,,5
5404,RS,,5
5405,RS钬,,5
5406,RSR,,5
5407,RSڒ,,5
5408,RSC,,5
5409,RSR,,5
5410,RS,,5
5421,kS_,,5
5422,kSk,,5
5423,kSpْ,,5
5424,kSZ,,5
5425,kS咬,,5
5426,kScΒ,,5
5427,kSa,,5
5428,kSO,,5
5429,kSk,,5
5430,kSؑ,,5
5431,kSc,,5
5432,kS用,,5
5433,kS쑺,,5
5434,kS,޸л,5
5441,Sc,,5
5442,S,,5
5443,SY쒬,,5
5444,SX,,5
5445,S\,,5
5446,SR,,5
5447,SY,,5
5461,YS쒬,,5
5462,YSY,,5
5463,YSH㒬,ݳ,5
5464,YS,˶޼پ,5
5465,YSF,,5
6201,R`s,϶,6
6202,đs,Ȼܼ,6
6203,߉s,ٵ,6
6204,cs,,6
6205,Vs,ݼޮ,6
6206,͍]s,޴,6
6207,Rs,ϼ,6
6208,Rs,ϼ,6
6209,s,Ŷ޲,6
6210,Vs,޳,6
6211,s,˶޼ȼ,6
6212,ԑs,Żܼ,6
6213,zs,ֳ,6
6301,RSRӒ,˶޼ϸ,6
6302,RSR,˶޼ϸŶ,6
6321,RS͖k,Ƽϸݶθ,6
6322,RS쒬,ƼϸƼ,6
6323,RS,Ƽϸݱ,6
6324,RS],Ƽϸݵ,6
6341,kRSΓc,ϸݵ,6
6361,ŏSR,Ӷиݶ,6
6362,ŏSŏ㒬,ӶиӶ,6
6363,ŏSM`,ӶиŶ,6
6364,ŏS^쒬,Ӷи۶,6
6365,ŏS呠,Ӷиݵ,6
6366,ŏS쑺,Ӷиݻ,6
6367,ŏSˑ,ӶиĻ,6
6381,uS,˶޼ϸ,6
6382,uS쐼,˶޼ϸݶƼ,6
6401,uS,Ƽϸݵ,6
6402,uS钬,Ƽϸݼ,6
6403,uSіL,Ƽϸݲ,6
6421,cS쒬,,6
6422,cS]ڒ,,6
6423,cS,,6
6424,cSH,,6
6425,cS,,6
6426,cSO쒬,˶޼ܸж,6
6427,cS,,6
6428,cS,˶޼ܸݼŲ,6
6441,cSC,,6
6461,OCSV,иջ,6
6462,OCS,,6
6463,OCSR,,6
6464,OCSc,,6
7201,s,̸ϼ,7
7202,Îᏼs,ܶ¼,7
7203,SRs,ϼ,7
7204,킫s,ܷ,7
7205,͎s,׶ܼ,7
7206,s,,7
7207,{s,ܼ,7
7208,쑽s,,7
7209,ns,ϼ,7
7210,{s,¼,7
8212,헤cs,,8
8214,s,ʷ޼,8
8215,ks,׷,8
8216,}Ԏs,ϼ,8
8217,s,޼,8
8218,s,,8
8219,vs,,8
8220,Ύs,¸޼,8
8221,ЂȂs,Ŷ,8
8222,s,ϼ,8
8223,s,,8
8224,Js,Լ,8
8225,헤{s,Լ,8
8226,߉ώs,Ŷ,8
8227,}s,,8
8228,Ⓦs,޳,8
8229,~s,ż,8
8230,݂s,ж޳׼,8
8231,s,׶ܼ,8
8232,_s,н,8
8233,ss,Ҷ,8
8234,gcs,κ,8
8235,΂݂炢s,¸ײ,8
8236,ʎs,ϼ,8
8302,S钬,˶޼׷ݲ׷,8
8303,S쒬,,8
8304,S엢,,8
8305,S,,8
8306,Sk,,8
8307,Sj,,8
8308,SOR,,8
8309,S,˶޼׷ݵײ,8
8310,S闢,˶޼׷ݼۻ,8
8321,SF,,8
8322,SԒ,,8
8323,S,,8
8324,S␣,,8
8341,߉όSC,Ŷĳ,8
8342,߉όS߉ϒ,,8
8343,߉όSZA,,8
8344,߉όS{,,8
8345,߉όSR,,8
8346,߉όSa,,8
8347,߉όS쑺,,8
8361,vS,,8
8362,vS{,,8
8363,vS,,8
8364,vSq,޸޲,8
8381,S\,,8
8401,S,,8
8402,Sgc,,8
8403,Sm,,8
8406,S_,,8
8407,Sg蒬,,8
8421,sS,,8
8422,sSx,,8
8423,sS,,8
8424,sSkY,,8
8425,sSʑ,,8
8441,~S]ˍ蒬,,8
8442,~SY,ż,8
8443,~S,żݱ,8
8445,~Ss蒬,,8
8446,~SV,,8
8447,~S͓,żݶ,8
8448,~S쑺,,8
8449,~S,,8
8461,VSPY,,8
8462,VSʗ,,8
8463,VS,,8
8464,VSc,,8
8465,VSV,,8
8482,}gSɓޒ,,8
8483,}gSJa,,8
8501,^ǌS֏钬,,8
8502,^ǌS쒬,,8
8503,^ǌS^ǒ,,8
8504,^ǌSa,,8
8505,^ǌSa,,8
8521,S㒬,ճ,8
8522,S쑺,,8
8523,SΉ,,8
8541,Sa,,8
8542,S܉,ϸݺ޶,8
8543,SOa,,8
8544,S,,8
8546,S,ϸݻ,8
8561,Js,,8
8563,knS㒬,,8
8564,knS,ϸ,8
9201,Fs{s,Լ,9
9202,s,޼,9
9203,Ȗ؎s,޼,9
9204,s,ɼ,9
9205,s,ϼ,9
9206,s,Ư,9
9207,ss,,9
9208,Rs,ϼ,9
9209,^s,ӵ,9
9210,cs,׼,9
9211,s,Բ,9
9212,s,,9
9213,ߐ{s,Ž׼,9
9214,s,׼,9
9215,ߐ{GRs,Ž׽ϼ,9
9216,s,¹,9
9301,͓SO쒬,ݶɶ,9
9302,͓S͓,,9
9303,͓S͓,,9
9304,͓S͓,,9
9321,sS,,9
9322,sS쒬,,9
9323,sS,,9
9341,FS{,,9
9342,FSvq,ʶ޸ϼ,9
1101,Dys,ۼ,1
1102,Dysk,ۼ,1
1103,Dys,ۼ˶޼,1
1104,Dys΋,ۼ۲,1
1105,DysL,ۼ׸,1
1106,Dys,ۼи,1
1107,Dys,ۼƼ,1
1108,Dysʋ,ۼ¸,1
1109,Dys,ۼòȸ,1
1110,Dysc,ۼ,1
1202,َs,ʺü,1
1203,Ms,ټ,1
1204,s,˶ܼ,1
1205,s,ݼ,1
1206,Hs,ۼ,1
1207,эLs,ۼ,1
1208,ks,м,1
1209,[s,ճؼ,1
1210,〈s,лܼ,1
1211,ԑs,޼ؼ,1
1212,Gs,Ӳ,1
1213,Ϗqs,Ϻϲ,1
1214,ts,ܯŲ,1
1215,Ss,޲,1
1216,ʎs,¼,1
1217,]ʎs,¼,1
1218,ԕs,׼,1
1219,ʎs,¼,1
1220,mʎs,¼,1
1221,s,ۼ,1
1222,O}s,ж,1
1223,s,ۼ,1
1224,Ύs,ľ,1
1225,s,ܼ,1
1226,s,Ŷܼ,1
1227,̎us,Ų,1
1228,[s,̶ܼ,1
1229,xǖs,ɼ,1
1230,oʎs,¼,1
1231,bs,ܼ,1
1233,ɒBs,ü,1
1234,kLs,ۼϼ,1
1235,Ύs,ؼ,1
1236,kls,θļ,1
1303,ΎSʒ,ظĳ,1
1304,ΎSVÑ,ظݼݼ,1
1305,cSc,,1
1306,lvSlv,,1
1331,OSO,ϴϴ,1
1332,OS,ϴ̸,1
1333,Sm,вݼس,1
1334,S،Ó,вݷŲ,1
1335,S钬,,1
1336,TcS쒬,,1
1337,TcSђ,޸Ŵ,1
1339,TcSˈ䒬,,1
1340,TcSbR,,1
1341,TcS̖@ؑ,,1
1342,S슝,,1
1343,S,޸ݼ,1
1344,S,,1
1345,SX,޸,1
1346,CS_,иԸ,1
1347,RzS,Ϻݵ,1
1361,wRS],ϸݴ,1
1362,wRSm,ϸݶɸ,1
1363,wRS򕔒,ϸݱ,1
1364,uS,Ƽݵ,1
1365,uSFΒ,,1
1366,vS听,,1
1367,KSK,ظݵ,1
1368,ISI,,1
1369,ISkwR,,1
1370,IS,Ÿݲ϶,1
1371,vSȒ,޳ݾ,1
1391,qSq,ϷݼϷ,1
1392,sSs,¸ݽ,1
1393,sS,¸ݸŲ,1
1394,JSz,Ըݺ,1
1395,cSjZR,ƾ,1
1396,cS^둺,ϯ,1
1397,cSs,ٽ,1
1398,cSΕʒ,ݷ,1
1399,cSɒ,ݷ޸,1
1400,cSm,ݸ,1
1401,Sa,Ųݷ,1
1402,S,ŲݲŲ,1
1403,ÉFS,ٳ,1
1404,ÉFS_b,ٳݶӴŲ,1
1405,ϒOSϒO,ݸݼ,1
1406,ÕSÕ,׸,1
1407,]sSmؒ,ֲƷ,1
1408,]sS]s,ֲֲ,1
1409,]sSԈ쑺,ֲݱ,1
1421,mSk,,1
1422,mSI,,1
1423,mSy,,1
1424,mSވ],Ų,1
1425,mS㍻쒬,ݶнŶ,1
1427,[SRm,ճظ,1
1428,[S,ճظŶ,1
1429,[SIR,ճظݸ,1
1430,ˌS`,ĸ·,1
1431,ˌSYP,ĸݳ׳,1
1432,ˌSV\Ð쒬,ĸݼ¶,1
1433,JSw,حӾ,1
1434,JSʒ,ح,1
1436,JSJ,حݳح,1
1437,JSk,حθح,1
1438,JSc,ح,1
1439,JSy,,1
1452,S鐲,жܸ,1
1453,S_y,жܸ˶޼,1
1454,S,жܸĳ,1
1455,Sz,жܸ߯,1
1456,Sʒ,жܸݱ,1
1457,S쒬,жܸݶж,1
1458,S쒬,жܸ˶޼,1
1459,Sl,жܸ޴,1
1635,SV,жܸݼĸ,1
4302,cSPh,ݼ,4
7211,cs,׼,7
9343,FSΖؒ,ʶ޸÷,9
11445,ʌS,,11
14213,as,ļ,14
17342,ΐS쒬,,17
20388,ɓߌS{c,вŸ,20
22136,lslk,¼Ϸ,22
24206,s,,24
27121,sZg,˶޼ּ,27
29441,gSg쒬,ּɸּ,29
33216,s,,33
35421,S풬,,35
37363,S쒬,,37
39208,hюs,Ӽ,39
40442,qSq,,40
41442,ÌSc,,41
43210,ers,,43
44207,Ëvs,¸м,44
44208,|cs,,44
44209,L㍂cs,ݺ޼,44
44210,nzs,·,44
44211,Fs,,44
44212,Ls,ݺ޵ɼ,44
44213,Rzs,̼,44
44214,s,ƻ,44
44301,Sc,,44
44302,S^ʒ,,44
44303,SXn,,44
44321,S,,44
44322,SP,˶޼ƻҼ,44
44323,S,,44
44324,S,,44
44325,S,,44
44341,So,и˼,44
44342,SR,,44
44361,啪SÌ,,44
44362,啪SpԒ,,44
44363,啪S,,44
44364,啪Sz@,,44
44381,kCS֒,,44
44401,CSY,,44
44402,CS퐶,,44
44403,CS{,,44
44404,CSFڒ,,44
44405,CS쑺,,44
44406,CSߌ,,44
44407,CSĐÑ,,44
44408,CS],,44
44421,SÒ,,44
44422,SOd,,44
44423,S쑺,,44
44424,S,,44
44425,Sn,,44
44426,S쒬,,44
44427,SΑ,,44
44428,S,,44
44441,S,,44
44442,SvZ,,44
44443,S,,44
44461,Sd,ݺɴ,44
44462,S쒬,ݸ,44
44481,cSOÍ],,44
44482,cSÍ],,44
44483,cSÍ],,44
44484,cSR,,44
44485,cSV,,44
44501,ьSO,,44
44502,ьS{n⒬,,44
44503,ьSn⒬,,44
44504,ьSR,,44
44521,FS@,,44
44522,FSS@,,44
45201,{s,Ի޷,45
45202,ss,Ժɼޮ,45
45203,s,޵,45
45204,s,ݼ,45
45205,юs,Լ,45
45206,s,˭޼,45
45207,Ԏs,ϼ,45
45208,ss,ļ,45
45209,т̎s,ɼ,45
45301,{S,,45
45302,{Sc쒬,,45
45303,{Sy,,45
45321,߉όSk,,45
45322,߉όS싽,,45
45341,kSOҒ,۶,45
45342,kSRV,,45
45343,kS钬,,45
45344,kSRc,,45
45345,kS蒬,,45
45361,S,Ƽ۶,45
45362,SK,,45
45363,S{ؑ,,45
45381,S,,45
45382,Sx,˶޼۶ݸ,45
45383,S,˶޼۶ݱ,45
45401,S璬,ո,45
45402,SVx,ոݼ,45
45403,SėǑ,ոƼ׿,45
44206,Pns,,44
45404,S؏钬,ոݷޮ,45
45405,S쒬,ոݶ,45
45406,Ss_,ո,45
45421,PnS쒬,˶޼ݶ޶,45
45422,PnS,,45
45423,PnS싽,,45
45424,PnS,,45
45425,PnSk,,45
45426,PnSk,,45
45427,PnSk쒬,,45
45428,PnSkY,,45
45429,PnSˑ,˶޼¶,45
45430,PnSŗt,˶޼ݼ޿,45
45431,PnS,˶޼л,45
45441,PnS䒬,Ƽ,45
45442,PnSVe,Ƽɶ,45
45443,PnS܃P,Ƽݺ޶,45
46201,s,޼ϼ,46
46202,s,,46
46203,s,Լ,46
46204,s,ϸ׻޷,46
46205,ؖs,,46
46206,vs,ȼ,46
46207,s,,46
46208,os,м,46
46209,s,,46
46210,whs,޽,46
46211,cs,,46
46212,s,,46
46213,V\s,Ƽɵü,46
46214,s,н޼,46
46215,Fs,Ͼ޲,46
46216,us,˵,46
46217,]s,,46
46218,s,ؼϼ,46
46219,ؖs,ɼ,46
46220,삳܎s,лϼ,46
46221,uzus,޼,46
46222,s,м,46
46223,Bs,з,46
46224,ɍs,,46
46225,ǎs,׼,46
46301,Sgc,,46
46302,S,,46
46303,SO,޼ϸм,46
46304,S\,޼ϸļ,46
46321,KhS,,46
46322,KhSR쒬,,46
46323,KhSo,,46
46324,KhSJ,,46
46341,ӌS},,46
46342,ӌSY,,46
46343,ӌSVÒ,,46
46344,ӌSm,,46
46345,ӌSӒ,,46
46361,uSs,,46
46362,uSs,,46
46363,uSɏW@,,46
46364,uS,,46
46365,uSSR,,46
46366,uSg,,46
46367,uS㒬,,46
46368,uS,,46
46381,FSe,,46
46382,FS,,46
46383,FS,,46
46384,FS{V钬,,46
46385,FSߓc,,46
46386,FSF,,46
46387,FSV@,,46
46388,FS,,46
46389,FS㍙,,46
46390,FS,,46
46391,FS,,46
46392,FSܒ,ϸݻ,46
46401,oSc,,46
46402,oS쒬,,46
46403,oS,,46
46404,oS,иŶ޼,46
46421,ɍSH,,46
46441,ǌSؒ,,46
46442,ǌSǒ,,46
46443,ǌS,,46
46444,ǌSaӒ,,46
46445,ǌS쒬,,46
46446,ǌSI쒬,,46
46447,ǌSg,,46
46448,ǌSq,,46
46449,ǌS,,46
46450,ǌSl,,46
46451,ǌSR,,46
46452,ǌSN,׸ճ,46
46461,]S,,46
46462,]SPk,,46
46463,]S,,46
46464,]Sg,,46
46465,]SR,,46
46466,]Suzu,,46
46467,]SL,,46
46468,]S蒬,ݵ,46
46481,̑Sǒ,,46
46482,̑Sǒ,·˶޼,46
46483,̑SVY,,46
46484,̑SR,,46
46485,̑Sᕽ,,46
46486,̑S卪蒬,,46
46487,̑S蒬,,46
46488,̑Sc㒬,,46
46489,̑S,,46
46490,̑Sэ],·ݷݺ,46
46491,̑S,·е,46
46492,̑S̕t,·ݷ·,46
46501,FьSq,Ϲ޸Ŷ,46
46502,FьSq,Ϲ޸,46
46503,FьS㉮v,,46
46504,FьSv,,46
46505,FьSv,Ϲ޸Ը,46
46523,哇Sa,ϸĿ,46
46524,哇SF,ϸݳݿ,46
46525,哇S˓,ϸݾĳ,46
46526,哇SZp,,46
46527,哇S,ϸº޳,46
46528,哇S},,46
46529,哇SE,ϸݷ,46
46530,哇SV,ϸĸɼ,46
46531,哇SV钬,ϸݱϷ,46
46532,哇Sɐ咬,ϸݲ,46
46533,哇Sa,ϸ,46
46534,哇Sm,ϸ,46
46535,哇S^_,ϸ,46
47201,ߔes,ʼ,47
47202,ΐs,,47
47203,us,,47
47205,Xps,ݼ,47
47206,ǎs,,47
47207,Ί_s,޷,47
47208,YYs,׿,47
47209,s,ź޼,47
47210,s,ݼ,47
47211,s,ܼ,47
47212,Ls,и޽,47
47213,܎s,ϼ,47
47214,{Ós,Ժϼ,47
47215,s,ݼޮ,47
47301,S,ƶиݸƶп,47
47302,SX,ƶиݵп,47
47303,S,ƶи˶޼,47
47306,SAm,ƶиŷݿ,47
47308,S{,ƶи,47
47311,S[,ƶиݵſ,47
47313,SX,ƶиݷɻ޿,47
47314,S,ƶиݷ,47
47315,Sɍ],ƶиݲ,47
47322,S^ߏ钬,,47
47323,SA,,47
47324,SǒJ,Ŷиݿ,47
47325,SÎ[,Ŷиݶ,47
47326,SkJ,Ŷи,47
47327,Sk鑺,ŶиݷŶ޽,47
47328,S鑺,ŶиŶ޽,47
47329,S,ŶиƼ,47
47341,KSL鑺,,47
47343,KS,,47
47344,KSu,,47
47345,KSʏ鑺,,47
47346,KSmO,,47
47347,KS~,,47
47348,KS^ߌ,ϼظ,47
47349,KS嗢,,47
47350,KS앗,ϼظʴ,47
47351,KS,,47
47352,KSu쑺,,47
47353,KSnÕ~,ϼظĶ,47
47354,KSԖ,ϼظݻп,47
47355,KS,ϼظݱƿ,47
47356,KSn쑺,ϼظŷ,47
47357,KS哌,ϼظ޲ĳ,47
47358,KSk哌,ϼظݷ޲ĳ,47
47359,KSɕ,ϼظݲԿ,47
47360,KSɐ,ϼظݲſ,47
47361,KSvē,ϼظݸҼ,47
47362,KSd,ϼظԴ,47
47371,{ÌSӒ,,47
47372,{ÌSn,,47
47373,{ÌS쑺,,47
47374,{ÌSɗǕ,,47
47375,{ÌSǊԑ,ԺϿ,47
47381,dRS|x,Դϸ,47
47382,dRS^ߍ,ԴϸŸ,47
43209,[s,,43
41441,ÌSǒ,̼¸,41
37364,S,ܸŵ,37
37381,̌S㒬,,37
37382,̌S쒬,,37
37383,̌S,,37
37384,̌S̒,,37
37385,̌SюR,,37
37386,̌SFÒ,Գݳ,37
37387,̌S쒬,ԳݱԶ,37
37401,xSՓ쒬,,37
37402,xSZ,,37
37403,xSՕ,Ŷ޸ݺ,37
37404,xSxÒ,Ŷ޸,37
37405,xS쒬,,37
37406,xS܂̂,Ŷ޸ɳ,37
37421,OLS,,37
37422,OLSR{,,37
37423,OLSO쒬,,37
37424,OLS쌴,,37
37425,OLSL,,37
37426,OLSlԒ,,37
37427,OLSm,,37
37428,OLSLl,,37
37429,OLSc,,37
38201,Rs,ϼ,38
38202,s,ؼ,38
38203,Fas,ܼϼ,38
38204,ls,ϼ,38
38205,Vls,Ʋϼ,38
38206,s,ޮ,38
38207,Fs,޼,38
38208,V]s,,38
38209,ɗ\Os,,38
38210,ɗ\s,ּ,38
38211,ks,,38
38212,\s,,38
38213,ls,,38
38214,\s,ּ,38
38215,s,ĳݼ,38
38301,FSV{,,38
38302,FSy,,38
38303,FSʎqR,,38
38321,KS,,38
38323,KSO,,38
38341,zqSq,,38
38342,zqSʐ쒬,,38
38343,zqSg,,38
38344,zqS吼,,38
38345,zqSeԒ,,38
38346,zqSgC,,38
38347,zqS{E,,38
38348,zqS,,38
38349,zqS,,38
38350,zqS|풬,,38
38351,zqS,,38
38352,zqS鑺,,38
38353,zqSY,,38
38354,zqSO,,38
38355,zqS֑O,,38
38356,zqS㓇,ݶм,38
38361,SdM,,38
38362,S,,38
38363,S,,38
38381,㕂Sv,,38
38382,㕂Sʉ͑,,38
38383,㕂S쑺,,38
38384,㕂SJ,,38
38385,㕂Sc,,38
38386,㕂Sv,гŸݸϺ,38
38401,ɗ\SO,ָϻ,38
38402,ɗ\Su,ָ,38
38403,ɗ\SLc,,38
38404,ɗ\SR,,38
38405,ɗ\SoC,,38
38421,쑽Sl,,38
38422,쑽Sq,ݳ,38
38423,쑽S܏\蒬,,38
38424,쑽Sn쒬,,38
38425,쑽S͕ӑ,,38
38441,FaSۓ,,38
38442,FaSɕ,Ƽܸݲ,38
38443,FaS˒,,38
38444,FaSO蒬,,38
38445,FaSOr,,38
38461,FaSl,,38
38462,FaSFa,,38
38463,FaS쑺,,38
38464,FaS쒬,,38
38481,kFaSgc,,38
38482,kFaSOԒ,,38
38483,kFaSL,,38
38484,kFaS쒬,ܸ,38
38485,kFaSg,,38
38486,kFaSÓ,,38
38488,kFaSSk,ܸݷθ,38
38501,FaSC,,38
38502,FaS䑑,,38
38503,FaSӒ,,38
38504,FaS{,,38
38505,FaSC,,38
38506,FaS쒬,гܸݱ,38
39201,ms,,39
39202,ˎs,ļ,39
39203,|s,,39
39204,썑s,ݺ,39
39205,ys,Ļ,39
39206,{s,,39
39209,ys,Ļн޼,39
39210,l\s,ļ,39
39211,s,ݼ,39
39212,s,м,39
39301,|Sm,ĳֳ,39
39302,|Sޔ,,39
39303,|Sc쒬,,39
39304,|Sc,Խ,39
39305,|Sk쑺,ݷ,39
39306,|SnH,ݳϼ,39
39307,|S|,ݹ޲,39
39321,Sԉ,,39
39322,S,,39
39323,SyRc,,39
39324,Ss,,39
39325,S{,,39
39326,Sk,,39
39327,Sg쑺,,39
39328,S,,39
39341,S{R,Ŷ޵,39
39344,SL,Ŷ޵ݵ,39
39361,yS,,39
39362,ySyR,,39
39363,ySy,ĻĻ,39
39364,yS쑺,Ļݵ,39
39365,yS{쑺,,39
39381,Sɖ쒬,,39
39382,Sr쒬,,39
39383,St쒬,,39
39384,S쑺,,39
39385,Sk,,39
39386,S̒,ܸݲ,39
39387,Sm쒬,ܸ޶,39
39401,Sy,ŶĻ,39
39402,S쒬,ݻ,39
39403,Szm,ݵ,39
39404,SE쒬,,39
39405,S,ս,39
39406,S쌩,,39
39407,SÖ쑺,,39
39408,StR,,39
39409,Sm,,39
39410,S,޶,39
39411,SÖ쒬,,39
39412,Sl\,ݼ,39
39421,S꒬,,39
39422,S吳,,39
39423,S,,39
39424,S匎,ݵ·,39
39425,S\a,,39
39426,Sy,,39
39427,SO,,39
39428,S,ݸۼ,39
40101,kBsi,Ӽ޸,40
40103,kBsᏼ,ܶ¸,40
40105,kBs˔,,40
40106,kBsqk,׷,40
40107,kBsq,и,40
40108,kBs,˶޼,40
40109,kBs,Ƽ,40
40131,s,̸˶޼,40
40132,s,̸ʶ,40
40133,s,̸,40
40134,s,̸и,40
40135,s,̸Ƽ,40
40136,s,̸ޮݸ,40
40137,sǋ,̸׸,40
40202,喴cs,,40
40203,vĎs,Ҽ,40
40204,s,ɵ,40
40205,ђˎs,޶,40
40206,cs,ܼ,40
40207,s,Ŷܼ,40
40208,Rcs,,40
40209,Ö؎s,,40
40210,s,Ҽ,40
40211,}s,޼,40
40212,s,ܼ,40
40213,ss,ոʼ,40
40214,LOs,޾ݼ,40
40215,Ԏs,Ŷϼ,40
40216,Ss,޵ؼ,40
40217,}s,ɼ,40
40218,ts,޼,40
40219,s,ɼޮ,40
40220,@s,Ŷ,40
40221,ɕ{s,޻޲̼,40
40222,Os,,40
40223,És,޼,40
40224,Îs,̸¼,40
40225,͎s,ʼ,40
40226,{s,ܶ,40
40227,Ös,ϼ,40
40228,qs,׼,40
40229,݂܎s,ϼ,40
40230,s,ļϼ,40
40231,߉ϐs,Ŷܼ,40
40305,}S߉ϐ쒬,,40
40341,SF,Ըݳ,40
40342,SI,Ըݻ,40
40343,Suƒ,Ըݼ,40
40344,S{,Ըݽ,40
40345,SV{,Ըݼݸ޳,40
40348,SvR,Ը˻,40
40349,S,Ըݶ,40
40362,@SԒ,,40
40363,@SÉ蒬,,40
40364,@SC,,40
40365,@S哇,,40
40381,S,ݶ޸ݱ,40
40382,S,ݶ޸нϷ,40
40383,S_,ݶ޸ݵ޷,40
40384,S꒬,ݶ޸ݵݶ,40
40401,ƎS|,øݺ,40
40402,ƎSƎ蒬,øݸ,40
40403,ƎS{c,,40
40404,ƎS{,,40
40421,ÕSj쒬,θݹ,40
40422,ÕSz,,40
40423,ÕSO䒬,,40
40424,ÕSÕ䒬,,40
40425,ÕS}䒬,,40
40426,ÕSg,,40
40427,ÕS,,40
40428,ÕSoc,,40
40443,qSO֒,,40
40444,qS{,,40
40445,qSΌ,,40
40446,qSR,,40
40447,qS}O,׸,40
40448,qS,׸ĳγ,40
40462,S䒬,,40
40463,Su,,40
40481,HSg䒬,,40
40482,HScے,,40
40483,HSH,,40
40501,OSk쒬,,40
40503,OS品,вײ,40
40521,OkS铇,,40
40522,OkSؒ,нϸݵ,40
40523,OkSOk,,40
40541,Sؒ,,40
40542,Sz,,40
40543,SԒ,,40
40544,SL쒬,Ҹ۶,40
40545,S,,40
40546,S쑺,,40
40561,RS,,40
40562,RSa,,40
40563,RSO,,40
40564,RSR쒬,,40
40581,OrSc,,40
40601,cSt,ܸݶ,40
40602,cSYc,ܸݿ,40
40603,cSc,,40
40604,cSc,ܸݲ,40
40605,cS蒬,ܸݶܻ,40
40606,cSԒr,,40
40607,cS钬,,40
40608,cSC,ܸݵĳ,40
40609,cSԑ,ܸݱ,40
40610,cSq,̸ܸ,40
40621,sSc,Ժݶ,40
40622,sSҐ쒬,,40
40623,sSR,,40
40624,sSLÒ,,40
40625,sS݂₱,ԺԺ,40
40641,zSœc,,40
40642,zSgx,ޮּ,40
40643,zSz钬,,40
40644,zSVgx,,40
40645,zS啽,,40
40646,zSђ,ޮݺ,40
40647,zSz㒬,ޮޮ,40
41201,s,޼,41
41202,Îs,¼,41
41203,s,Ľ,41
41204,vs,,41
41205,ɖs,ؼ,41
41206,Ys,,41
41207,s,ϼ,41
41208,s,޼,41
41209,s,ڼɼ,41
41210,_s,ݻ޷,41
41301,Sx,,41
41302,S앛,,41
41303,S^꒬,,41
41304,Svۓc,,41
41305,Sa,,41
41306,Sxm,,41
41321,_S_钬,,41
41322,_Sc,,41
41323,_SOc쒬,,41
41324,_SҐU,,41
41325,_SҐU,,41
41326,_SO,,41
41327,_SgP,ݻ޷ּɶ,41
41341,O{SR,Էݷ,41
41342,O{S,,41
41343,O{SkΈ,,41
41344,O{SO,,41
41345,O{S,Էݶ,41
41346,O{S݂₫,ԷԷ,41
41361,S钬,,41
41362,SO,,41
41363,SÒ,,41
41364,S,,41
41381,YSlʒ,,41
41382,YSR,,41
41383,YSؒ,,41
41384,YSm,,41
41385,YSkg,,41
41386,YSO,,41
41387,YSC,˶޼³׸ݹݶ,41
41388,YS,,41
41389,YSĎq,,41
41401,YSLc,Ƽ³׸ݱ,41
41402,YSLc,,41
41421,nSR,,41
41422,nSk,,41
41423,nS咬,ϸݵ,41
41424,nS]k,ϸݺθ,41
41425,nSΒ,ϸݼ۲,41
41426,nSx,,41
41427,nSL,,41
37362,S쒬,,37
39207,s,,39
41443,ÌS쒬,,41
42201,s,Ŷ޻,42
42202,ێs,޼,42
42203,s,׼,42
42204,|s,Լ,42
42205,呺s,׼,42
42206,]s,,42
42207,ˎs,޼,42
42208,Ys,³׼,42
42209,Δns,¼ϼ,42
42210,s,,42
42211,ܓs,ĳ,42
42212,Cs,,42
42213,_s,ݾݼ,42
42214,쓇s,м׼,42
42301,ދnSĒ,,42
42302,ދnSɉ,,42
42303,ދnS,,42
42304,ދnS蒬,,42
42305,ދnSOa,,42
42306,ދnSǌ,,42
42307,ދnS^,Ƽɷ޸Ŷ,42
42308,ދnSÒ,Ƽɷ޸ķ,42
42309,ދnSՊC,,42
42310,ދnSޒ,,42
42311,ދnSC,,42
42312,ދnS哇,,42
42313,ދnS˒,,42
42314,ދnS吣˒,,42
42315,ދnSOC,,42
42321,ދnSދn,˶޼ɷ޸˶޼ɷ,42
42322,ދnSI,˶޼ɷ޸ݶ,42
42323,ދnSg,˶޼ɷ޸ʻ,42
42341,kSXR,,42
42342,kSѐ,,42
42343,kS,,42
42344,kS䒬,,42
42361,썂SL,,42
42362,썂S,,42
42363,썂S䒬,,42
42364,썂SȒ,,42
42365,썂S쒬,,42
42366,썂SXΒ,,42
42367,썂Sl,,42
42368,썂SR,,42
42369,썂SÍ,,42
42370,썂SVÒ,,42
42371,썂SLn,,42
42372,썂SkLn,,42
42373,썂SLƒ,,42
42374,썂SLƒ,,42
42375,썂SzÒ,,42
42376,썂S[],,42
42381,kYS哇,,42
42382,kYS,,42
42383,kYSl꒬,³׸ݵ޶,42
42384,kYSFv,,42
42385,kYSc,,42
42386,kYS,,42
42387,kYS铇,,42
42388,kYS]},,42
42389,kYS,,42
42390,kYSX,,42
42391,kYSX,³׸ݻ,42
42392,kYSg䒬,,42
42393,kYSm,,42
42401,쏼YSx],,42
42402,쏼YSʔVY,,42
42403,쏼YSOy,,42
42404,쏼YSh,,42
42405,쏼YSޗ,,42
42406,쏼YSᏼ,,42
42407,쏼YSܓ,,42
42408,쏼YSVڒ,,42
42409,쏼YSL쒬,,42
42410,쏼YSޗǔ,,42
42411,쏼YSVܓ,³׸ݼݶкĳ,42
42421,SmY,,42
42422,S{,,42
42423,SӒ,,42
42424,SΓc,,42
42441,S,,42
42442,SÓ,,42
42443,SLʒ,,42
42444,㌧S,,42
42445,㌧S㌧,,42
42446,㌧SΔn,,42
43101,F{s,ļ,43
43102,F{s,ļ˶޼,43
43103,F{s,ļƼ,43
43104,F{s,ļи,43
43105,F{sk,ļ,43
43201,F{s,,43
43202,s,¼ۼ,43
43203,lgs,ּ,43
43204,rs,׵,43
43205,s,,43
43206,ʖs,ż,43
43207,{ns,,43
43208,Rs,϶޼,43
40441,qSfؒ,,40
43211,Fys,ļ,43
43212,Vs,бϸ,43
43213,Fs,,43
43214,hs,,43
43215,Vs,ϸ,43
43216,us,,43
43321,FySOp,,43
43322,FySsmΒ,,43
43341,vS쒬,,43
43342,vSx,,43
43343,vS,,43
43344,vS쒬,,43
43345,vSL쒬,,43
43346,vS,,43
43347,vSup,,43
43348,vS,ϼл,43
43361,ʖSЖ,,43
43362,ʖS,,43
43363,ʖSV,,43
43364,ʖSʓ,Ÿݷޮĳ,43
43365,ʖSe,,43
43366,ʖSOa,,43
43367,ʖS֒,Ÿݶ,43
43368,ʖSF,ŸŶ޽,43
43369,ʖSa,Ÿź,43
43381,{Sk,,43
43382,{Se,,43
43383,{S{,,43
43384,{S,,43
43385,{SAؒ,,43
43401,erS钬,,43
43402,erSu,,43
43403,erSÒ,ݵ,43
43404,erSez,ݷֳ,43
43405,erSu,,43
43406,erS,,43
43407,erSu,,43
43421,hS̋{,,43
43422,hSh,,43
43423,hS쏬,е,43
43424,hS,ݵ,43
43425,hSYR,ݳ,43
43426,hSg쑺,,43
43427,hShz,,43
43428,hSX,,43
43429,hS,,43
43430,hSvؖ쑺,,43
43431,hSz,,43
43432,hS,Ƽ,43
43433,hS숢h,б,43
43441,vSD,ϼ,43
43442,vSÓ,ϼݶ,43
43443,vSv钬,ϼϼ,43
43444,vSb,ϼݺ,43
43445,vS,,43
43446,vSa,,43
43447,vSRs,ϼ,43
43461,S{,,43
43462,S璚,,43
43463,S,,43
43464,Sk,,43
43465,S{,,43
43466,Sz,,43
43467,S,,43
43468,SX쒬,¼۸˶,43
43481,kScY,,43
43482,kSk,ݱ,43
43484,kSÓޖؒ,ŷ,43
43501,Sђ,ϸƼ,43
43502,S㑺,,43
43503,SƓc,,43
43504,S,,43
43505,Sǖؒ,ϸ׷,43
43506,SO,ϸϴ,43
43507,S㑺,ϸн޶,43
43508,S{b,,43
43509,S[c,,43
43510,SǑ,ϸݻ,43
43511,Sܖؑ,ϸݲ·,43
43512,SR],ϸϴ,43
43513,S,ϸݸ,43
43514,S蒬,ϸݱ,43
43521,VS쒬,,43
43522,VS,,43
43523,VSL,,43
43524,VSP˒,,43
43525,VSPx,,43
43526,VS䏊Y,,43
43527,VSqx,,43
43528,VS{,,43
43529,VSVa,,43
43530,VSܘa,,43
43531,VSk,ϸڲθ,43
43532,VSV,,43
43533,VS͉Y,,43
44201,啪s,,44
44202,ʕ{s,ޯ߼,44
44203,Îs,Ŷ¼,44
44204,cs,,44
44205,s,,44
24207,鎭s,޶,24
24208,s,ؼ,24
24209,hs,ܾ,24
24210,TRs,ϼ,24
24211,Hs,޼,24
24212,Fs,ɼ,24
24213,vs,,24
24214,Ȃ׎s,޼,24
24215,us,ϼ,24
24216,ɉs,޼,24
24301,KSx,,24
24302,KS,,24
24303,KSؑ],Ÿݷ,24
24321,ٌSk,,24
24322,ٌSْ,,24
24323,ٌS,,24
24324,ٌS,޸ĳ,24
24325,ٌS,,24
24341,OdSԖ쒬,дݺ,24
24342,OdS풬,,24
24343,OdS,дݱ,24
24344,OdSz,дݶܺ޴,24
24361,鎭S֒,,24
24381,|S͌|,,24
24382,|S|Z,,24
24383,|S,,24
24384,|SZ,,24
24402,uSǏF,,24
24403,uSu,,24
24404,uSR,,24
24405,uS쒬,,24
24406,uS,,24
24407,uSO_,,24
24421,ѓSѓ쒬,,24
24422,ѓSэ,,24
24441,CSC,,24
24442,CSa,Ҳ,24
24443,CS䒬,ݵ޲,24
24444,CSa,,24
24445,CS{쑺,,24
24461,xSʏ钬,ײϷ,24
24462,xS񌩒,,24
24463,xS,,24
24464,xS쐨,,24
24465,xS쓇,,24
24466,xS{,,24
24467,xSI,,24
24468,xS䉒,,24
24469,xSR,,24
24470,xSx,ײײ,24
24471,xSI,ײ,24
24472,xSɐ,ײв,24
24481,RSɉ꒬,,24
24482,RSP,,24
24483,RSR,,24
24484,RSRc,,24
24501,SR,,24
24521,uSl,,24
24522,uS剤,,24
24523,uSu,,24
24524,uS,,24
24525,uS镔,,24
24541,kKSIɒ,,24
24542,kKSCR,,24
24543,kKSIk,۸ݷθ,24
24561,어KSl,۸,24
24562,어KSI,۸ݷγ,24
24563,어KSIa,,24
24564,어KSLa,,24
25201,Îs,¼,25
25202,Fs,˺ȼ,25
25203,ls,Ŷϼ,25
25204,ߍ]s,ݼ,25
25205,ss,,25
25206,Îs,¼,25
25207,Rs,ϼ,25
25208,Is,دĳ,25
25209,bs,,25
25210,Fs,Խ,25
25211,Γs,ݼ,25
25212,s,ϼ,25
25213,ߍ]s,˶޼м,25
25214,Čs,ϲ׼,25
25301,Su꒬,,25
25321,ISI,,25
25342,FS咬,,25
25343,FSF,,25
25361,bSΕ,,25
25362,bSb,,25
25363,bS,,25
25364,bSyR,,25
25365,bSb꒬,,25
25366,bSb쒬,,25
25367,bSMy,,25
25381,Sy,,25
25382,S,,25
25383,S쒬,ӳ,25
25384,S,ӳح,25
25401,_Si,,25
25402,_S܌,,25
25403,_S\o쒬,,25
25421,mS,,25
27122,s,Ƽظ,27
27123,s,޶ܸ,27
27124,sߌ,и,27
27125,sZV],ɴ,27
27126,s,ɸ,27
27127,sk,,27
27128,s,,27
27141,s,,27
27142,s,Ŷ,27
27143,s,˶޼,27
27144,s,Ƽ,27
27145,s,и,27
27146,sk,,27
27147,s,׸,27
27201,s,,27
27202,ݘacs,޼,27
27203,Ls,Ŷ,27
27204,rcs,޼,27
27205,cs,,27
27206,Îs,е¼,27
27207,Ύs,·,27
27208,Lˎs,޶,27
27209,s,ظ,27
27210,s,׶,27
27211,؎s,׷,27
27212,s,Ե,27
27213,򍲖s,лɼ,27
27214,xcюs,Լ,27
27215,Qs,Զܼ,27
27216,͓s,Ŷɼ,27
27217,s,׼,27
27218,哌s,޲ĳ,27
27219,as,м,27
27220,ʎs,ɵ,27
27221,s,׼,27
27222,Hgs,޷ɼ,27
27223,^s,ϼ,27
27224,ےÎs,¼,27
27225,Ύs,,27
27226,䎛s,̼޲׼,27
27227,s,˶޼,27
27228,s,ݼ,27
27229,ls,ޮü,27
27230,s,ɼ,27
27231,㋷Rs,ϼ,27
27232,s,ݼ,27
27301,OS{,мϸݼ,27
27321,L\SL\,ɸ,27
27322,L\S\,ɸɾ,27
27341,kS,޸޵,27
27361,SF撬,ݸݸ,27
27362,ScK,ݸ,27
27366,S,ݸл,27
27381,͓Sq,ж,27
27382,͓S͓쒬,жݶ,27
27383,͓S瑁ԍ㑺,жԱ,27
27385,͓S,,27
28101,_ˎs,޼˶޼޸,28
28102,_ˎs,޼޸,28
28105,_ˎsɋ,޼ˮ޸,28
28106,_ˎsc,޼Ŷ,28
28107,_ˎs{,޼ϸ,28
28108,_ˎs,޼и,28
28109,_ˎsk,޼,28
28110,_ˎs,޼,28
28111,_ˎs,޼Ƽ,28
28201,PHs,Ҽ޼,28
28202,s,϶޻,28
28203,Ύs,,28
28204,{s,ƼԼ,28
28205,F{s,ļ,28
28206,s,Լ,28
28207,ɒOs,м,28
28208,s,,28
28209,Ls,ֵ,28
28210,Ðs,ܼ,28
28211,s,,28
28212,ԕs,,28
28213,es,Ƽܷ,28
28214,ˎs,޶,28
28215,O؎s,з,28
28216,s,޼,28
28217,쐼s,Ƽ,28
28218,s,ɼ,28
28219,Ocs,޼,28
28220,s,,28
28221,OgRs,޻ϼ,28
28222,{s,޼,28
28223,Ogs,޼,28
28224,삠킶s,бܼ޼,28
28225,s,޼,28
28226,WHs,ܼ޼,28
28227,s,,28
28228,s,ĳ,28
28229,̎s,ɼ,28
28301,ӌS쒬,޸ݲŶ,28
28321,XSg쒬,,28
28341,SВ,,28
28342,S쒬,,28
29442,gS嗄,ּɸݵ,29
29443,gSs,ּɸݼӲ,29
29444,gSꑺ,ּɸݸ,29
29445,gSg쑺,,29
29446,gSV쑺,ּɸݶ,29
29447,gS씗쑺,ּɸɾ,29
29448,gS哃,,29
29449,gS\Ð쑺,ּɸ¶,29
29450,gSkR,ּɸݼӷ,29
29451,gSkR,ּɸݶз,29
29452,gS㑺,ּɸݶܶ,29
29453,gSg쑺,ּɸ˶޼ּ,29
30201,a̎Rs,ܶϼ,30
30202,Cs,ݼ,30
30203,{s,ʼļ,30
30204,Lcs,޼,30
30205,Vs,޳,30
30206,cӎs,޼,30
30207,V{s,ݸ޳,30
30208,I̐s,ɶܼ,30
30209,os,޼,30
30301,CSÒ,,30
30302,CS㒬,,30
30303,CS,,30
30304,CSI쒬,ݷ,30
30321,߉Sœc,,30
30322,߉S͒,,30
30323,߉S߉꒬,,30
30324,߉SR,,30
30325,߉SMu쒬,,30
30326,߉So,,30
30341,ɓsS炬,ĸݶ׷,30
30342,ɓsS,,30
30343,ɓsSxR,ĸݸ,30
30344,ɓsS쒬,ĸݺ,30
30345,ɓsSԉ,,30
30361,LcS,޸ձ,30
30362,LcSL쒬,޸۶,30
30363,LcSg,,30
30364,LcS,,30
30365,LcS,,30
30366,LcSLc쒬,޸ݱ޶,30
30381,Sl,޶,30
30382,S,޶޶,30
30383,SRǒ,޶,30
30384,SӒ,,30
30385,SÑ,,30
30386,SR,,30
30387,S_,,30
30388,S암쑺,,30
30389,S암,,30
30390,S쒬,޶ݲ,30
30391,S݂Ȃג,޶,30
30392,S쒬,޶޶,30
30401,KSl,Ƽ۸ݼ,30
30402,KSӘH,,30
30403,KS哃,,30
30404,KSxc,Ƽ۸ݶ,30
30405,KSu쒬,,30
30406,KSݒ,Ƽ۸ݽ,30
30407,KS{,,30
30421,KSߒqY,˶޼۸³,30
30422,KSn,˶޼۸,30
30423,KSÍ,,30
30424,KSÍ쒬,˶޼۸ݺ޶,30
30425,KSF쒬,,30
30426,KS{{,,30
30427,KSkR,˶޼۸ݷ,30
30428,KS{,˶޼۸ݸ,30
31201,s,įؼ,31
31202,Ďqs,ź޼,31
31203,qgs,ּ,31
31204,`s,ļ,31
31301,S{,,31
31302,S,иݲ,31
31303,S,,31
31321,SSƒ,,31
31322,SD,,31
31323,S͌,,31
31324,S,,31
31325,S,Խ޸ܶ,31
31326,Sp,,31
31327,S,,31
31328,Sq,Խ޸,31
31329,S,Խ޸Խ,31
31341,CSC,,31
31342,CS쒬,,31
31343,CSJ,,31
31361,SH,,31
31362,S,,31
31363,S,,31
31364,SO,ĳʸл,31
31365,S֋,,31
31366,Sk,,31
31367,Sh,,31
31368,S,,31
31369,Sԍ꒬,,31
33301,ÌSÒ,,33
33303,ÌS,,33
33305,ÌSΐ쒬,,33
33321,Ԕ֌S˒,,33
33322,Ԕ֌SRz,,33
33323,Ԕ֌Sԍ⒬,,33
33324,Ԕ֌SFR,,33
33325,Ԕ֌Sg䒬,,33
33342,aCS,,33
33344,aCSgi,,33
33345,aCS,,33
33346,aCSaC,ܹܹ,33
33361,WvS,,33
33362,WvSWv,,33
33363,WvSD,,33
33401,S蒬,,33
33423,sES,¸޸Լ,33
33427,sESR葺,,33
33428,sES,,33
33441,SD䒬,,33
33442,S,,33
33443,S,,33
33444,S񓇒,,33
33445,S,ݻļ,33
33461,cS|,޸Զ,33
33462,cS,,33
33481,㌎SF䒬,,33
33503,gS^,,33
33521,[SL,,33
33522,[Sk[,,33
33523,[Sz,,33
33541,SH,,33
33542,S㒬,,33
33543,S,,33
33561,NS卲,,33
33562,NS_,,33
33563,NSN,,33
33564,NSN,,33
33581,^SR,,33
33582,^S,,33
33583,^S,,33
33584,^Sv,,33
33585,^SÑ,,33
33586,^SV,ܸݼݼޮ,33
33587,^S㑺,,33
33588,^S,,33
33589,^Sa,,33
33601,ϓcSΒ,,33
33602,ϓcSx,,33
33603,ϓcSÒ,,33
33604,ϓcSV,,33
33605,ϓcSg,,33
33606,ϓcS쒬,ݶ,33
33621,cSc,,33
33622,cS,ݼ,33
33623,cSދ`,ŷ,33
33624,cSk,,33
33641,pcS匴,,33
33642,pcSq,,33
33643,pcSq,޸Ƽܸ׿,33
33644,pcS쒬,,33
33645,pcS쓌,,33
33646,pcSpc,,33
33661,vČS,,33
33662,vČS,,33
33663,vČSvē쒬,Ҹݸ,33
33664,vČSvĒ,,33
33665,vČS򌴒,,33
33666,vČS璬,Ҹл,33
33681,Sg,޸ݷ,33
34101,Ls,ۼϼŶ,34
34102,Ls,ۼϼ˶޼,34
34103,Ls,ۼϼи,34
34104,Ls,ۼϼƼ,34
34105,Ls,ۼϼи,34
34106,Lsk,ۼϼ,34
34107,Ls|,ۼϼ,34
34108,Ls,ۼϼ,34
34202,s,ڼ,34
34203,|s,׼,34
34204,Os,׼,34
34205,s,,34
34206,s,,34
34207,Rs,̸ϼ,34
34208,{s,,34
34209,Os,ּ,34
34210,s,׼,34
34211,|s,,34
34212,Ls,˶޼ۼϼ,34
34213,ss,¶,34
34214,|cs,,34
34215,]cs,ϼ,34
34302,|S{,,34
34304,|SCc,ݶ,34
34307,|SF쒬,ݸ,34
34309,|S⒬,ݻ,34
34310,|S]c,,34
34311,|S˒,,34
34312,|Sq,,34
34313,|S,,34
34314,|S,,34
34323,S쒬,,34
34324,S,,34
34325,S,,34
35422,SRz,,35
35441,LYSe쒬,,35
35442,LYSLc,,35
35443,LYSLY,,35
35444,LYSLk,,35
35461,IS,,35
35462,ISHF,,35
35481,ÌSO,,35
35482,ÌSu,,35
35483,ÌSJ,,35
35501,S㑺,,35
35502,S,޸ݱ,35
35503,Sc쒬,,35
35504,S,,35
35505,Sނݑ,,35
35506,S{,,35
35507,S,,35
35508,Sh,,35
36201,s,ĸϼ,36
36202,s,ļ,36
36203,s,¼ϼ,36
36204,s,ݼ,36
36205,gs,ּɶܼ,36
36206,gs,ܼ,36
36207,ns,ϼ,36
36208,ODs,ּ,36
36301,YSY,³׸ݶ³,36
36302,YS㏟,³׸ݶж,36
36321,S߉͓,Ю޳ݻź޳,36
36341,SΈ䒬,Ю޲ݲ,36
36342,S_R,Ю޲ݶ,36
36361,߉S߉쒬,,36
36362,߉SHmY,,36
36363,߉Sh~,,36
36364,߉S,,36
36365,߉S߉꒬,,36
36366,߉Sؑ,,36
36367,߉Sؓ,,36
36368,߉S߉꒬,ŶŶ,36
36381,CSR,,36
36382,CSa,,36
36383,CS,̸ѷ,36
36384,CSC쒬,,36
36385,CSC,,36
36386,CS,,36
36387,CSg,̸,36
36388,CSCz,̸ݶֳ,36
36401,SΒ,ɸ¼,36
36402,Sk,ɸݷ,36
36403,SZ,ɸݱ,36
36404,S쒬,ɸݲ,36
36405,S,ɸݶв,36
36406,Sg쒬,,36
36407,Sy,,36
36421,gSs꒬,,36
36422,gSg,,36
36441,AS,,36
36442,AS쓇,,36
36443,ASR쒬,,36
36444,AS,,36
36461,nSe,,36
36462,nSn,,36
36463,nSc,,36
36464,nS,,36
36465,nSF,,36
36466,nS,,36
36467,nS؉,,36
36468,nS邬,ϸٷ,36
36481,ODSO쒬,,36
36482,ODSOD,,36
36483,ODSrc,,36
36484,ODSR钬,,36
36485,ODS쒬,,36
36486,ODSOΒ,,36
36487,ODScJR,,36
36488,ODScJR,,36
36489,ODS݂悵,ּ˶޼ּ,36
37201,s,¼,37
37202,ۋTs,ٶҼ,37
37203,os,޼,37
37204,Pʎs,³޼,37
37205,ωs,ݵݼ޼,37
37206,ʂs,Ƿ,37
37207,s,˶޼ܼ,37
37208,OLs,ּ,37
37301,Sc,,37
37302,S,,37
37303,S,,37
37304,SÓc,,37
37305,S쒬,,37
37306,Sux,,37
37307,S쒬,,37
37308,S,,37
37321,SC,,37
37322,Sy,޸ɼ,37
37323,Src,,37
37324,S,޸ݼ޼,37
37341,ؓcSOؒ,з,37
37342,ؓcS璬,,37
37343,ؓcS,,37
37361,S],,37
11446,ʌSҊ,,11
11461,kSI,,11
11462,kSh{,,11
11464,kS˒,¼ݽ,11
11465,kS,¼޼,11
11468,kSa,,11
12101,ts,޼,12
12102,tsԌ,޼жܸ,12
12103,tsы,޼Ź޸,12
12104,tst,޼ܶ޸,12
12105,ts΋,޼ظ,12
12106,tsl,޼ϸ,12
12202,qs,,12
12203,ss,ܼ,12
12204,Ds,޼,12
12205,َRs,ϼ,12
12206,؍XÎs,޼,12
12207,ˎs,޼,12
12208,cs,޼,12
12209,s,,12
12210,Όs,׼,12
12211,cs,,12
12212,qs,׼,12
12213,s,ĳȼ,12
12214,ss,,12
12215,s,˼,12
12216,Kus,׼ɼ,12
12217,s,ܼ,12
12218,Ys,³׼,12
12219,ss,׼,12
12220,Rs,Ŷϼ,12
12221,s,ּ,12
12222,䑷qs,޺,12
12223,s,Ӷܼ,12
12224,PJs,϶Լ,12
12225,NÎs,¼,12
12226,xÎs,̯¼,12
12227,Ys,Խ,12
12228,lXs,¶޳,12
12229,PYs,޶޳׼,12
12230,Xs,,12
12231,󐼎s,ݻ޲,12
12232,s,۲,12
12233,xs,лļ,12
12234,[s,޳,12
12235,xs,,12
12236,s,ؼ,12
12237,Rs,Ѽ,12
12238,ݎs,м,12
12239,Ԕs,м׻ļ,12
12303,S֏h,,12
12305,S쒬,,12
12322,׌SX䒬,޸ݼ,12
12324,׌Sx,,12
12325,׌Sב,,12
12326,׌S䒬,,12
12328,׌S{W,,12
12329,׌Sh,޸ݻ,12
12341,S,,12
12342,S_蒬,ظݺ޷,12
12343,Sh,,12
12344,S쒬,,12
12345,SRc,,12
12346,SI,,12
12347,SÒ,ظ,12
12348,S,,12
12349,S,ظĳɼ,12
12361,CSC㒬,,12
12362,CSщ,,12
12381,xS,,12
12382,xSh,,12
12402,RSԔ,,12
12403,RS\㗢,޸ݸޭ,12
12404,RS,,12
12405,RSR,,12
12406,RS@,,12
12407,RS,,12
12408,RSŒ,,12
12409,RSŎR,޸ݼ,12
12410,RSŌ,޸ֺ˶,12
12421,S{,ݲ,12
12422,Sr,»,12
12423,S,,12
12424,Sq,ݼ׺,12
12426,S,Ŷ,12
12427,S쒬,,12
12441,΋S命쒬,иݵ,12
12442,΋S΋,,12
12443,΋Sh,иݵݼޭ,12
12444,΋S匴,,12
12445,΋S,,12
12461,[SxY,,12
12462,[SxR,,12
12463,[S쒬,ܸݷ,12
12464,[SOF,,12
12465,[Sl,,12
12466,[Sq,,12
12467,[SێR,,12
12468,[Sac,,12
12472,[SVÏ,,12
13101,c,޸,13
13102,,,13
13103,`,ĸ,13
13104,Vh,ݼޭ,13
14214,ɐs,׼,14
14215,CVs,ż,14
14216,Ԏs,ϼ,14
14217,쑫s,б׼,14
14218,s,Ծ,14
14301,OYStR,г׸,14
14321,S쒬,޸ݻѶ,14
14341,S钬,Ŷݵ,14
14342,S{,Ŷ,14
14361,S䒬,׶иŶ,14
14362,S䒬,׶иݵ,14
14363,Sc,׶и,14
14364,SRk,׶иϷ,14
14366,SJ,׶иݶ,14
14382,S,׼Ӹʺ,14
14383,S^ߒ,׼Ӹ,14
14384,S͌,׼Ӹն,14
14401,bS쒬,ݱ,14
14402,bS쑺,ݷֶ,14
14421,ËvSR,,14
14422,ËvSËv䒬,,14
14423,ËvS͌Β,,14
14424,ËvS쒬,,14
15101,Vsk,Ʋ,15
15102,Vs,Ʋ˶޼,15
15103,Vs,Ʋ,15
15104,Vs],Ʋݸ,15
15105,VsHt,Ʋʸ,15
15106,Vs,Ʋи,15
15107,Vs,ƲƼ,15
15108,Vs,ƲƼݸ,15
15201,Vs,,15
15202,s,Ŷ޵,15
15204,Os,ݼޮ,15
15205,s,ܻ޷,15
15206,Vcs,,15
15207,VÎs,,15
15208,Js,Լ,15
15209,Ύs,Ӽ,15
15210,\s,ĵ,15
15211,s,¹,15
15212,s,׶м,15
15213,s,Ҽ,15
15215,Ȕs,,15
15216,s,Ĳܼ,15
15217,s,Ю,15
15218,ܐs,޾ݼ,15
15219,Îs,,15
15220,s,,15
15221,Lhs,,15
15222,zs,ޮ¼,15
15223,s,ɼ,15
15224,ns,޼,15
15225,s,ϼ,15
15226,싛s,гϼ,15
15227,ٓs,Ų,15
15301,kSc,,15
15302,kSP,,15
15303,kS,,15
15304,kS_,,15
15306,kSLY,,15
15307,kSĒ,׸ݾ۳,15
15308,kS쑺,,15
15309,kS_,,15
15310,kS,,15
15311,kS쑺,,15
15321,S{˒,,15
15322,S,,15
15323,Sz,,15
15324,STc,,15
15341,S⎺,,15
15342,SF,Ƽ׸˺,15
15343,S,,15
15344,Sgc,,15
15345,S,,15
15346,S쒬,,15
15347,S钬,,15
15348,S,,15
15349,S,,15
15350,S,,15
15351,SV,,15
15361,슗Sc㒬,ж׸,15
15362,슗Sc,,15
15363,슗Sh,,15
15364,슗SV,,15
15381,SÐ쒬,,15
15382,S,,15
15383,S쑺,,15
15384,SO쑺,,15
15385,S꒬,˶޼׸ݱ,15
15401,OSzH,,15
15402,OSO,,15
15403,OS^,,15
15404,OSa,,15
15405,OSo_蒬,ĳݲӻ޷,15
15406,OS,,15
15421,ÎuSRÎu,,15
15441,kS,,15
15442,kSxV,,15
17343,ΐSߗ,,17
17344,ΐSXs,,17
17345,ΐS͓,,17
17346,ΐSgJ,,17
17347,ΐSz,,17
17348,ΐS,,17
17349,ΐS,,17
17361,͖kSÔ,θ,17
17362,͖kS,,17
17363,͖kS˒,,17
17364,͖kSFmC,,17
17365,͖kS咬,θݳ,17
17382,HSx,,17
17383,HSuY,,17
17384,HSu꒬,ʸݼ,17
17385,HS,,17
17386,HSBu,ʸγ¼н,17
17401,Scߕl,,17
17402,S,,17
17403,S,,17
17404,S,,17
17405,S\o,,17
17406,S,,17
17407,S\o,ϸŶ,17
17421,PS,,17
17422,PSO,,17
17423,PS\s,,17
17424,PSc,,17
17441,FSY,,17
17461,PS,γݱн,17
17462,PSO,,17
17463,PS\o,γ,17
18201,s,̸,18
18202,։s,ٶ޼,18
18203,s,,18
18204,ls,ϼ,18
18205,s,ɼ,18
18206,Rs,ϼ,18
18207,I]s,޴,18
18208,s,׼,18
18209,zOs,ݼ,18
18210,s,,18
18302,HSR,,18
18321,gcS,,18
18322,gcSi,ּ޸ݴͲ,18
18323,gcSu䑺,,18
18342,Sa,,18
18361,SO,,18
18362,S,,18
18363,SÒ,,18
18364,Sۉ,,18
18365,St],,18
18366,S䒬,,18
18381,S,,18
18382,Src,øݲ,18
18401,S,,18
18402,S,,18
18403,S͖쑺,,18
18404,SzO,ݼޮд,18
18421,OS,,18
18422,OS{葺,,18
18423,OSzO,ƭݴ,18
18424,OSzU,,18
18425,OSDc,,18
18426,OS,,18
18441,OSO,,18
18442,OSl,ж,18
18461,~S㒆,,18
18462,~Sc,,18
18481,ьSl,,18
18482,ьSђ,,18
18483,ьS,ݵ,18
18501,O㒆Sዷ,жŶܶ,18
19201,b{s,̼,19
19202,xmgcs,ּ̼޼,19
19203,Rs,,19
19204,ss,ټ,19
19205,Rs,ż,19
19206,匎s,·,19
19207,Bs,׻,19
19208,AvXs,б߽,19
19209,kms,θļ,19
19210,bs,,19
19211,Js,̴̷,19
19212,쌴s,׼,19
19213,bBs,,19
19214,s,,19
19301,RSt,,19
19302,RSqu,,19
19303,RSOx,,19
19304,RS,,19
19305,RSa,,19
19321,SΘa,,19
19322,S⒬,,19
19323,S{,,19
19324,S㒬,,19
19325,S쑺,,19
19326,S,,19
19327,S쑺,,19
19328,SLx,,19
19341,SF,,19
19342,SO쒬,,19
19343,Ss咬,,19
20402,ɓߌS쒬,ӲŸ¶,20
20403,ɓߌSX,ӲŸ,20
20404,ɓߌS쒬,ӲŸݱ,20
20406,ɓߌSH,,20
20407,ɓߌSq,ӲŸݱ,20
20408,ɓߌSQ,,20
20409,ɓߌSJ,ӲŸ,20
20410,ɓߌSH,ӲŸ,20
20411,ɓߌS,ӲŸݼӼޮ,20
20412,ɓߌSؑ,ӲŸݳٷ,20
20413,ɓߌSV,ӲŸح,20
20414,ɓߌSו,ӲŸԽ,20
20415,ɓߌSؑ,ӲŸ,20
20416,ɓߌSLu,ӲŸֵ,20
20417,ɓߌS厭,ӲŸݵ,20
20418,ɓߌS㑺,,20
20419,ɓߌSMZ,,20
20421,ؑ]Sؑ],,20
20422,ؑ]S㏼,ݱ,20
20423,ؑ]Sؑ],ŷ޿,20
20424,ؑ]S쑺,,20
20425,ؑ]Sؑc,ݷ,20
20426,ؑ]S`,,20
20427,ؑ]SJc,,20
20428,ؑ]SOx,,20
20429,ؑ]Sꑺ,ݵ,20
20430,ؑ]SK,ݵ,20
20431,ؑ]SR,,20
20432,ؑ]Sؑ],ݷ,20
20441,}SȒ,,20
20443,}Slꑺ,,20
20444,}S{鑺,,20
20445,}Sk,,20
20446,}Sё,˶޼ϸݵ,20
20447,}S䑺,,20
20448,}S⑺,˶޼ϸݲ,20
20449,}Sgc,,20
20450,}SR`,˶޼ϸ϶,20
20451,}S,˶޼ϸݱ,20
20452,}S}k,˶޼ϸθ,20
20461,܌SLȒ,,20
20462,܌S䍂,,20
20463,܌Sސ쑺,,20
20464,܌Sܑ,,20
20465,܌S쑺,,20
20466,܌SO,,20
20467,܌Sx,,20
20481,k܌Src,иݲ,20
20482,k܌S쑺,и¶,20
20483,k܌S⑺,,20
20484,k܌S,,20
20485,k܌Sn,иʸ,20
20486,k܌SJ,иݵ,20
20501,XSRc,,20
20502,XS剪,,20
20521,ȌS钬,ƼŸݻ,20
20522,ȌSˑq,,20
20541,㍂Sz{,ݵ޾,20
20543,㍂SR,,20
20561,SRm,ɳ,20
20562,Sؓ,ݷ޲,20
20563,S򉷐,ɻܵݾ,20
20581,㐅SMBV,,20
20582,㐅SL쒬,,20
20583,㐅SMZ,ݼ,20
20584,㐅S瑺,,20
20585,㐅SO,,20
20586,㐅SˉB,,20
20587,㐅SS,,20
20588,㐅S쑺,ݵ,20
20589,㐅S,,20
20590,㐅Sэj,ݲ,20
20601,SLc,,20
20602,Sh,ݻ,20
21201,򕌎s,̼,21
21202,_s,޷,21
21203,Rs,ϼ,21
21204,s,м,21
21205,֎s,,21
21206,Ðs,Ŷ¶ܼ,21
21207,Zs,ɼ,21
21208,Qs,нм,21
21209,Hs,ʼϼ,21
21210,bߎs,ż,21
21211,ZΎs,ɶӼ,21
21212,ys,ķ,21
21213,es,ж׼,21
21214,s,Ƽ,21
21215,Rs,϶,21
21216,s,нμ,21
21217,ˎs,޼,21
21218,{s,Ľ,21
21219,Ss,޼ޮ,21
21220,Cs,ۼ,21
21221,CÎs,޼,21
22137,lsV,¼ح,22
22201,És,,22
22202,ls,,22
22203,Îs,޼,22
22204,s,,22
22205,MCs,м,22
22206,Os,мϼ,22
22207,xm{s,̼Լ,22
22208,ɓs,ĳ,22
22209,cs,޼,22
22210,xms,̼޼,22
22211,֓cs,,22
22212,ĒÎs,Բ޼,22
22213,|s,ܼ,22
22214,}s,̼޴޼,22
22215,as,޼,22
22216,܈s,̸۲,22
22217,Vs,,22
22218,lks,,22
22219,cs,޼,22
22220,s,ɼ,22
22221,ΐs,,22
22222,ɓs,޼,22
22223,Os,ϴ޷,22
22224,es,ܼ,22
22225,ɓ̍s,ɸƼ,22
22226,qVs,Ϸ׼,22
22301,ΌSɓ,Ӹ˶޼,22
22302,ΌS͒Ò,Ӹݶ,22
22304,ΌSɓ,Ӹв,22
22305,ΌS蒬,Ӹ»޷,22
22306,ΌSɓ,ӸƼ,22
22307,ΌSΑ,,22
22321,cSɓ,,22
22322,cSCP,,22
22323,cS˓c,,22
22324,cSy쒬,,22
22325,cS쒬,ݶ,22
22326,cSBR,,22
22327,cSm,,22
22328,cSV铒P,,22
22329,cSɓ,,22
22341,xS,ĳݼн,22
22342,xS,ĳŶ޲,22
22344,xSR,ĳݵ,22
22361,xmSŐ쒬,,22
22381,Sxm쒬,,22
22382,S,,22
22383,SR䒬,,22
22401,uS,,22
22402,uS쒬,,22
22421,YSO蒬,,22
22422,YSǒ,,22
22423,YSY,,22
22424,YSgc,ʲ׸ּ,22
22425,YSJ,,22
22426,YS썪,,22
22427,YS썪,,22
22428,YS{썪,,22
22429,YS썪{,ʲ׸ݶ,22
22442,}S{꒬,,22
22444,}Sl,,22
22445,}S},,22
22446,}Se쒬,,22
22447,}S哌,,22
22461,qSX,,22
22462,qSt쒬,,22
22481,֓cSH,,22
22482,֓cSc,,22
22483,֓cSm,,22
22484,֓cSLc,,22
22485,֓cSL,,22
22486,֓cSR,,22
22487,֓cSvԒ,,22
22488,֓cSE,,22
22502,lS㒬,,22
22503,lSV,,22
22505,lSY,,22
22521,S׍],,22
22522,S,,22
22523,SOP,,22
23101,És,źԼ,23
23102,És,źԼ˶޼,23
23103,Ésk,źԼ,23
23104,És,źԼƼ,23
23105,És,źԼŶ׸,23
23106,És,źԼŶ,23
23107,Ésa,źԼܸ,23
23108,És,źԼнθ,23
23109,ÉsMc,źԼ,23
23110,És,źԼŶܸ,23
23111,És`,źԼĸ,23
23112,És,źԼи,23
23113,ÉsR,źԼϸ,23
23114,És΋,źԼظ,23
23115,És,źԼҲĳ,23
23116,ÉsV,źԼ߸,23
23201,Ls,ʼ,23
23202,s,޷,23
23203,{s,Լ,23
23204,ˎs,ļ,23
1636,S,жܸݼн,1
1637,͐S莺,,1
1638,͐SD,ŶŲ,1
1639,͐SXʑ,ݻ,1
1640,LSޑ,,1
1641,LS,۵,1
1642,LSL,۵۵,1
1643,Sʒ,Ŷܸϸ,1
1644,Src,Ŷܸݲ,1
1645,SL,Ŷֺܸ,1
1646,S{ʒ,Ŷܸ,1
1647,S,۸ݱ,1
1648,Sʒ,۸ظ,1
1649,\SYy,Ķݳ,1
1661,HSH,۸ݸ,1
1662,݌Sݒ,ݱ,1
1663,݌Sl,Ŷ,1
1664,SW,ܶиݼ,1
1665,Sq,ܶиü,1
1666,S,,1
1667,Sߋ,ݸٲ,1
1668,fSf,ǶݼǶ,1
1669,fSʒ,,1
1691,tSʊC,¹¶,1
1692,WÌSWÒ,¸Ŷ,1
1693,WÌSWÒ,¸ݼ,1
1694,ڗSP,ż׳,1
2201,Xs,ؼ,2
2202,OOs,ۻ,2
2203,ˎs,ͼ,2
2204,Ύs,۲,2
2205,܏쌴s,޼׼,2
2206,\acs,޼,2
2207,Os,лܼ,2
2208,ނs,¼,2
2209,s,¶ټ,2
2210,s,׶ܼ,2
2301,ÌyS,˶޼¶ٸŲ,2
2302,ÌySIc,,2
2303,ÌySʒ,˶޼¶ٸݲ,2
2304,ÌySHc,˶޼¶ٸӷ,2
2305,ÌySڑ,,2
2306,ÌySOX,,2
2307,ÌySOPl,˶޼¶ٸݿĶ,2
2321,ÌyS˃P,Ƽ¶ٸݱ޶޻,2
2322,ÌySؑ,,2
2323,ÌyS[Y,Ƽ¶ٸ̶,2
2324,ÌySXc,,2
2325,ÌyS葺,,2
2326,ÌyS,,2
2327,ÌyS_,,2
2328,ÌySԗ͑,,2
2341,ÌySؒ,,2
2342,ÌySn,,2
2343,ÌySډ,Ŷ¶ٸƼ,2
2361,ÌyS蒬,¶ٸ̼޻,2
2362,ÌySk,¶ٸݵ,2
2363,ÌyS㒬,,2
2364,ÌySQ,,2
2365,ÌyS꒬,,2
2366,ÌySՑ,,2
2367,ÌyScɊّ,¶ٸݲŶ,2
2368,ÌySP֑,,2
2381,kÌyS,¶ٸݲŷ,2
2382,kÌySؒ,,2
2383,kÌyS,,2
2384,kÌySߓc,¶ٸ,2
2385,kÌySsY,,2
2386,kÌyS,,2
2387,kÌyS,¶ٸŶ,2
2401,kSӒn,зͼ,2
2402,kS˒,зݼ,2
2403,kSSΒ,,2
2404,kS\acΒ,,2
2405,kSZ˒,з۸,2
2406,kSl,зֺ,2
2407,kSk,,2
2408,kSk,зĳθ,2
2409,kSVԗё,,2
2410,kSc,,2
2411,kSZP,зۯ,2
2412,kS点,зݵ׾,2
2421,kS,,2
2422,kS唨,,2
2423,kSԒ,ӷݵ,2
2424,kSʑ,ӷ˶޼޵,2
2425,kSԉY,ӷݶϳ,2
2426,kS䑺,ӷݻ,2
2427,kSe,,2
2441,OˌSO˒,͸ݻ,2
2442,OˌS܌˒,͸ݺ,2
2443,OˌScq,͸,2
4321,ēcS͌,ݵ,4
4322,ēcSc,,4
4323,ēcSēc,ݼ,4
4324,ēcS蒬,ݶܻ,4
4341,ɋSېX,޸,4
4361,jSj,ظ,4
4362,jSR,ظ,4
4401,{S,Է޸¼,4
4404,{SPl,Է޸ݼ,4
4406,{S{,Է޸,4
4421,Sa,۶ܸ,4
4422,S勽,۶ܸݵ,4
4423,SxJ,,4
4424,St,۶ܸݵ,4
4441,SVc,,4
4442,Sc,,4
4443,S{蒬,,4
4444,SF,иݼ,4
4445,S,иݶ,4
4461,ucSR,,4
4462,ucSO{ؒ,,4
4463,ucS䒬,,4
4481,ʑSoR,,4
4482,ʑSq,,4
4501,cSOJ,ĵ޸ܸ,4
4502,cScK,,4
4503,cSc,,4
4504,cS싽,,4
4505,cS,ĵ޸л,4
4521,ISzْ,,4
4522,IS,,4
4523,ISI,,4
4524,IS,,4
4525,ISꔗ,,4
4526,IS,,4
4527,IS,,4
4528,IS,,4
4529,ISugP,,4
4530,ISԎR,,4
4541,oČS,,4
4542,oČSoĒ,,4
4543,oČSa,,4
4544,oČSc,,4
4545,oČSL,,4
4546,oČSĎR,,4
4547,oČSΉz,,4
4548,oČS,,4
4561,S͖k,,4
4562,S{,,4
4563,SY,,4
4564,S͓쒬,,4
4565,S,,4
4566,S,,4
4567,Sk㒬,,4
4581,S쒬,ݵŶ,4
4582,S,,4
4601,{gSuÐ쒬,,4
4602,{gSÎR,,4
4603,{gS{g,,4
4604,{gSK,,4
4605,{gS̒Ò,,4
4606,{gSO,ּлظ,4
5201,Hcs,,5
5202,\s,ɼۼ,5
5203,s,ֺü,5
5204,َs,ü,5
5205,{s,,5
5206,js,޼,5
5207,s,ջܼ,5
5208,Ȏs,,5
5209,ps,ɼ,5
5210,R{s,ݼޮ,5
5211,s,м,5
5212,s,޲ݼ,5
5213,kHcs,,5
5214,ɂَs,ƶμ,5
5215,ks,޸,5
5303,pS⒬,ɸݺ,5
5321,kHcS鑃,,5
5322,kHcS,,5
5323,kHcSXg,,5
5324,kHcSm,,5
5325,kHcSc㒬,,5
5326,kHcS쒬,,5
5327,kHcS㏬m,ݶк,5
5341,R{SՋu,,5
5342,R{Sc䒬,,5
5343,R{SX,,5
5344,R{SR{,,5
5345,R{S,,5
5346,R{S,ĸ̼޻,5
5347,R{Sl,,5
5348,R{SO풬,ĸ,5
5349,R{S,ĸʯ߳,5
5361,HcS܏ڒ,бݺ޼ޮ,5
5362,HcSa,,5
5363,HcSY,б۳,5
5364,HcSѓc쒬,,5
5365,HcSV,,5
5366,HcS쒬,бݲ,5
5367,HcS,,5
5368,HcS劃,бݵ,5
5381,͕ӌS͕Ӓ,,5
7212,쑊ns,пϼ,7
7213,ɒBs,ü,7
7214,{{s,Լ,7
7301,ɒBSKܒ,øݺ,7
7302,ɒBSɒB,,7
7303,ɒBS,øݸ,7
7304,ɒBS쒬,,7
7305,ɒBSی,,7
7306,ɒBSR,,7
7307,ɒBSڒ,,7
7308,ɒBS얓,øݶ,7
7309,ɒBSі쒬,,7
7321,BSB,,7
7322,BSʑ,ݵ,7
7323,BS{{,,7
7324,BS,,7
7325,BS㒬,,7
7326,BSa,,7
7341,␣S,,7
7342,␣SΒ,ܾݶв,7
7343,␣S␣,,7
7344,␣SVh,ܾݴ,7
7361,ÌSc,,7
7362,ÌS,б޸ݼӺ޳,7
7363,ÌSڊ⑺,,7
7364,ÌSw},б޸ɴ,7
7365,ÌSɓ쑺,,7
7366,ÌS싽,,7
7367,ÌS,б޸,7
7368,ÌSÒ,б޸б,7
7381,kÌSkÑ,,7
7401,떃SM[,,7
7402,떃Sk,ϸݷ,7
7403,떃S쒬,,7
7404,떃SRs,,7
7405,떃SÒ,ϸƼ,7
7406,떃S,,7
7407,떃S֒,ϸ޲,7
7408,떃Sc㒬,ϸݲܼ,7
7421,͏SÍ≺,ϸݱݹ,7
7422,͏S쑺,ϸն,7
7423,͏SÒ,ϸŲ,7
7424,͏S͓,,7
7441,SÍc,,7
7442,SÖ{,,7
7443,SVߑ,,7
7444,SO,ϸм,7
7445,SR,ϸݶ,7
7446,Sa,ϸݼ,7
7447,SÔ,ϸݱл,7
7461,͌S,Ƽ׶ܸƼ޳,7
7462,͌S\,,7
7463,͌S,,7
7464,͌S葺,Ƽ׶ܸݲл޷,7
7465,͌S,Ƽ׶ܸŶ,7
7466,͌S,Ƽ׶ܸ޷,7
7467,͌SM,,7
7481,SIq,˶޼׶ܸŸ,7
7482,SՒ,˶޼׶ܸ,7
7483,S,˶޼׶ܸ,7
7484,SL쑺,˶޼׶ܸݻҶ,7
7501,ΐSΐ쒬,ܸݲ,7
7502,ΐSʐ쑺,ܸ϶,7
7503,ΐSc,ܸ,7
7504,ΐS쒬,ܸݱ,7
7505,ΐSÓa,ܸ,7
7521,cSOt,׸,7
7522,cS쒬,׸ݵ,7
7523,cSꍪ,,7
7524,cSz,,7
7525,cSsH,,7
7526,cSt,,7
7527,cSD,,7
7541,otSL쒬,޸,7
7542,otSt,޸,7
7543,otSx,޸е,7
7544,otS,޸ݶܳ,7
7545,otSF,޸ݵ,7
7546,otSot,޸,7
7547,otSQ],޸д,7
7548,otS,޸ݶ׵,7
7561,nSVn,ϸݼ,7
7562,nS,,7
7563,nS,,7
7564,nSъڑ,ϸݲ,7
8201,ˎs,ļ,8
8202,s,,8
8203,yYs,׼,8
8204,É͎s,޼,8
8205,Ήs,,8
8206,َs,,8
8207,s,ճ,8
8208,Ps,ح޻,8
8210,Ȏs,ϼ,8
9344,FSsL,ʶ޸ݲ,9
9345,FSF꒬,ʶ޸ʶ,9
9361,sSp,¶޸,9
9362,sS΋,,9
9363,sS,,9
9364,sSؒ,¶޸ɷ,9
9365,sS啽,,9
9366,sS,,9
9367,sSM,,9
9368,sSs꒬,,9
9382,JSIR,,9
9383,JS,,9
9384,JSJ,Ըݼ,9
9385,JSƒ,,9
9386,JS,ԸȻ,9
9387,JSA쒬,,9
9401,ߐ{Sߐ{,,9
9402,ߐ{SGR,,9
9403,ߐ{Sn,,9
9404,ߐ{S쒬,,9
9405,ߐ{SÏ㑺,,9
9406,ߐ{SH,,9
9407,ߐ{Sߐ{,ŽŽ,9
9409,ߐ{Sߐ{쒬,,9
9410,ߐ{S,,9
9411,ߐ{S߉ϐ쒬,ŽŶ,9
9421,hSc,,9
9422,hS,,9
10201,Os,ϴ޼,10
10202,s,,10
10203,ːs,ح,10
10204,ɐs,,10
10205,cs,,10
10206,cs,,10
10207,ٗюs,Լ,10
10208,as,޶ܼ,10
10209,s,̼޵,10
10210,xs,е,10
10211,s,Ŷ,10
10212,݂ǂs,ؼ,10
10301,Skk,,10
10302,Sԏ鑺,,10
10303,Sxm,,10
10304,SӒ,,10
10305,S{鑺,,10
10306,S쑺,,10
10307,SV,,10
10308,Sۍ,,10
10309,S,,10
10321,QnSY,,10
10322,QnSq,,10
10323,QnS,,10
10324,QnSQn,,10
10341,kQnSq,,10
10342,kQnS㑺,,10
10343,kQnSɍے,,10
10344,kQnSY,ϸݼĳ,10
10345,kQnSg,ϸּ,10
10361,SV,,10
10362,SSΒ,,10
10363,Sg䒬,,10
10364,S꒬,,10
10365,S,,10
10366,S쑺,ɸݳ,10
10367,S_,ɸݶ,10
10381,ÊyS`,,10
10382,ÊySmc,׸ݼ,10
10383,ÊySq,׸Ӹ,10
10384,ÊySÊy,׸ݶ,10
10401,OXSc,,10
10421,ȌSV,ϸŶɼޮ,10
10422,ȌS,,10
10423,ȌSȒ,,10
10424,ȌS쌴,ϸŶ,10
10425,ȌSڗ,ϸϺ޲,10
10426,ȌSÒ,ϸݸ,10
10427,ȌSZ,,10
10428,ȌSR,ϸ,10
10429,ȌSȒ,ϸ˶޼,10
10441,S,,10
10442,S,,10
10443,SЕi,ȸݶ,10
10444,Sꑺ,ȸݶ,10
10445,S쒬,,10
10446,S㒬,,10
10447,SV,,10
10448,Sa,ȸݼ,10
10449,S݂Ȃݒ,ȸŶ,10
10461,gSԖx,,10
10462,gS,,10
10463,gS,,10
10464,gSʑ,ܸ,10
10481,VcS,,10
10482,VcSVc,,10
10483,VcSM˖{,,10
10484,VcS},,10
10501,RcSԁX,,10
10521,WySq,׸ݲ,10
10522,WySa,׸Ҳ,10
10523,WySc,׸,10
10524,WyS,׸ݵ,10
4101,st,޲޸,4
4102,s{,޲Էɸ,4
4103,sы,޲ܶԼ,4
4104,s,޲ʸ,4
4105,s,޲и,4
4202,Ίs,Ϸ,4
4203,}s,ϼ,4
4204,Ðs,,4
4205,Cs,ϼ,4
4206,Ύs,۲,4
4207,s,ؼ,4
4208,pcs,޼,4
4209,s,޼ޮ,4
4211,s,ϼ,4
4212,oĎs,Ҽ,4
4213,Is,׼,4
4214,s,˶޼¼ϼ,4
4215,s,,4
4216,xJs,Լ,4
4301,cS,ݻ޵,4
